Rank,Ticker,Price,DVol,Sector,Industry,RS,1M_RS,3M_RS,6M_RS,AvgVol,AvgVol10,52WKH,52WKL,%Dist_52H
11,BGRENERGY.NS,428.75,98.45K,Industrial Services,Engineering & Construction,98.0,74.0,98.0,98.0,347.94K,116.71K,490.8,38.01,-12.64
27,CUPID.NS,329.25,1341.55K,Consumer Non-Durables,Household/Personal Care,98.0,97.0,97.0,98.0,3728.86K,4351.32K,345.84,55.75,-4.8
35,TAKE.NS,30.99,2625.26K,Technology Services,Information Technology Services,97.0,97.0,98.0,98.0,1037.01K,3716.95K,32.1,6.51,-3.46
39,INDOTHAI.NS,424.75,312.14K,Finance,Investment Banks/Brokers,97.0,83.0,98.0,96.0,829.44K,312.90K,466.35,105.2,-8.92
42,MAHASTEEL.NS,737.5,8.13K,Non-Energy Minerals,Steel,97.0,94.0,97.0,96.0,51.55K,8.34K,792.0,179.53,-6.88
53,MEGASOFT.NS,207.74,365.57K,Technology Services,Information Technology Services,97.0,79.0,95.0,97.0,290.33K,108.30K,231.0,49.06,-10.07
56,NORBTEAEXP.NS,71.34,2.50K,Consumer Non-Durables,Food: Specialty/Candy,97.0,88.0,96.0,95.0,3.12K,2.00K,72.82,14.9,-2.03
63,SOMATEX.NS,120.55,6.50K,Process Industries,Textiles,97.0,29.0,94.0,97.0,35.96K,8.41K,161.25,34.53,-25.24
75,SALSTEEL.NS,40.79,8.39K,Non-Energy Minerals,Steel,96.0,89.0,98.0,96.0,265.12K,96.23K,44.23,14.37,-7.78
76,IFBAGRO.NS,1357.9,19.46K,Consumer Non-Durables,Beverages: Alcoholic,96.0,80.0,97.0,95.0,72.08K,53.22K,1640.0,440.0,-17.2
78,IZMO.NS,897.65,36.80K,Technology Services,Packaged Software,96.0,92.0,91.0,98.0,109.07K,56.21K,1374.7,229.7,-34.7
79,TERASOFT.NS,512.6,23.36K,Technology Services,Information Technology Services,96.0,74.0,96.0,95.0,24.84K,28.21K,598.0,159.55,-14.28
81,UNITEDPOLY.NS,39.66,20.83K,Process Industries,Textiles,96.0,52.0,86.0,97.0,185.98K,75.78K,51.16,11.9,-22.48
82,LUMAXTECH.NS,1536.3,266.07K,Producer Manufacturing,Auto Parts: Oem,96.0,97.0,90.0,95.0,274.76K,264.25K,1542.0,449.0,-0.37
83,ATHERENERG.NS,717.95,3843.16K,Consumer Durables,Motor Vehicles,96.0,75.0,95.0,96.0,4812.03K,3889.34K,790.0,288.15,-9.12
90,CURAA.NS,125.85,0.85K,Technology Services,Information Technology Services,96.0,7.0,0.0,82.0,0.96K,1.96K,337.0,24.43,-62.66
94,LUMAXIND.NS,5610.6,59.69K,Producer Manufacturing,Auto Parts: Oem,96.0,92.0,91.0,95.0,28.78K,33.14K,5788.0,1960.0,-3.06
95,NACLIND.NS,190.89,163.92K,Process Industries,Chemicals: Agricultural,96.0,41.0,2.0,70.0,207.59K,153.65K,339.45,50.32,-43.76
96,SEJALLTD.NS,929.65,8.34K,Process Industries,Industrial Specialties,96.0,76.0,96.0,95.0,16.32K,10.96K,1036.7,313.5,-10.33
104,LTF.NS,312.35,14276.35K,Finance,Finance/Rental/Leasing,95.0,93.0,94.0,95.0,7668.97K,6088.07K,315.35,129.2,-0.95
105,AHCL.NS,168.61,123.64K,Health Technology,Pharmaceuticals: Major,95.0,96.0,,,611.86K,201.16K,172.75,90.78,-2.4
106,VENUSREM.NS,691.15,85.08K,Health Technology,Pharmaceuticals: Major,95.0,98.0,95.0,92.0,83.29K,256.14K,758.0,270.25,-8.82
110,IMFA.NS,1348.1,688.50K,Non-Energy Minerals,Other Metals/Minerals,95.0,93.0,95.0,96.0,244.67K,317.37K,1393.8,549.8,-3.28
111,CARTRADE.NS,3087.7,256.61K,Technology Services,Internet Software/Services,95.0,77.0,89.0,95.0,529.55K,335.06K,3290.5,1294.0,-6.16
115,BAFNAPH.NS,151.26,1.23K,Health Technology,Pharmaceuticals: Major,95.0,86.0,94.0,96.0,14.27K,2.26K,202.06,69.0,-25.14
122,AXISCADES.NS,1417.2,29.73K,Commercial Services,Miscellaneous Commercial Services,95.0,32.0,81.0,87.0,99.15K,61.72K,1779.2,438.5,-20.35
125,ZOTA.NS,1574.3,52.06K,Health Technology,Pharmaceuticals: Major,95.0,74.0,90.0,92.0,82.77K,96.52K,1740.0,561.6,-9.52
129,BHARATSE.NS,181.53,81.03K,Producer Manufacturing,Auto Parts: Oem,94.0,7.0,90.0,94.0,304.88K,144.73K,239.45,69.84,-24.19
131,JINDALPHOT.NS,1466.2,120.71K,Finance,Financial Conglomerates,94.0,89.0,93.0,94.0,24.84K,24.75K,1584.8,536.0,-7.48
133,PANACHE.NS,394.0,6.41K,Electronic Technology,Computer Peripherals,94.0,43.0,96.0,95.0,50.04K,20.64K,472.15,171.85,-16.55
137,TDPOWERSYS.NS,776.95,320.24K,Producer Manufacturing,Electrical Products,94.0,91.0,95.0,90.0,1467.65K,1228.12K,849.95,293.0,-8.59
140,GRMOVER.NS,469.45,197.90K,Process Industries,Agricultural Commodities/Milling,94.0,89.0,89.0,92.0,733.86K,991.12K,503.0,175.9,-6.67
141,TFCILTD.NS,72.98,9813.91K,Finance,Finance/Rental/Leasing,94.0,81.0,85.0,93.0,6964.73K,9716.10K,75.9,24.46,-3.85
151,APOLLO.NS,263.2,1461.98K,Electronic Technology,Electronic Production Equipment,94.0,42.0,60.0,88.0,10468.39K,2486.44K,354.7,92.55,-25.8
153,RMDRIP.NS,81.0,425.82K,Producer Manufacturing,Industrial Machinery,94.0,69.0,79.0,90.0,512.87K,304.83K,84.0,30.2,-3.57
155,ASHAPURMIN.NS,685.8,321.97K,Non-Energy Minerals,Other Metals/Minerals,94.0,77.0,91.0,93.0,849.33K,1400.07K,754.9,301.6,-9.15
156,EPACKPEB.NS,322.15,839.89K,Industrial Services,Engineering & Construction,94.0,96.0,,,10599.96K,3250.66K,344.0,179.32,-6.35
158,SKMEGGPROD.NS,422.85,125.85K,Process Industries,Agricultural Commodities/Milling,94.0,88.0,85.0,95.0,87.03K,160.77K,465.0,154.0,-9.06
160,MTARTECH.NS,2532.4,437.07K,Electronic Technology,Aerospace & Defense,93.0,78.0,97.0,91.0,572.86K,334.68K,2719.0,1155.6,-6.86
161,KAVDEFENCE.NS,88.35,22.55K,Electronic Technology,Telecommunications Equipment,93.0,8.0,94.0,,247.86K,24.41K,162.87,42.93,-45.75
162,ROSSTECH.NS,773.85,1094.71K,Electronic Technology,Telecommunications Equipment,93.0,91.0,85.0,95.0,243.40K,652.83K,840.0,231.15,-7.87
164,FORCEMOT.NS,17818.0,99.43K,Consumer Durables,Motor Vehicles,93.0,81.0,34.0,89.0,91.35K,39.62K,21990.0,6125.0,-18.97
165,ABCAPITAL.NS,358.05,8364.27K,Finance,Multi-Line Insurance,93.0,88.0,89.0,93.0,5040.74K,3749.52K,360.15,149.01,-0.58
167,TATVA.NS,1457.1,74.83K,Process Industries,Chemicals: Specialty,93.0,86.0,93.0,93.0,213.29K,195.14K,1610.0,621.0,-9.5
168,AAREYDRUGS.NS,87.69,56.24K,Health Technology,Pharmaceuticals: Major,93.0,45.0,94.0,93.0,56.27K,38.58K,100.0,32.85,-12.31
169,ABDL.NS,653.8,717.98K,Consumer Non-Durables,Beverages: Alcoholic,93.0,77.0,90.0,93.0,553.07K,519.48K,696.8,279.0,-6.17
171,SUMEETINDS.NS,32.31,69.82K,Process Industries,Textiles,93.0,43.0,95.0,94.0,329.64K,154.14K,97.8,10.66,-66.96
172,PROZONER.NS,54.0,114.27K,Finance,Real Estate Development,93.0,2.0,92.0,91.0,2403.80K,117.16K,72.77,23.2,-25.79
173,PARAGMILK.NS,332.25,737.08K,Consumer Non-Durables,Food: Meat/Fish/Dairy,93.0,85.0,94.0,92.0,1815.66K,1054.08K,376.95,135.49,-11.86
175,THANGAMAYL.NS,3254.0,25.19K,Consumer Durables,Other Consumer Specialties,93.0,98.0,94.0,93.0,131.48K,63.97K,3470.0,1523.1,-6.22
177,MUTHOOTFIN.NS,3744.2,356.64K,Finance,Finance/Rental/Leasing,93.0,93.0,93.0,94.0,591.95K,920.34K,3773.9,1903.0,-0.79
178,KRISHANA.NS,500.3,34.49K,Process Industries,Chemicals: Agricultural,93.0,63.0,21.0,86.0,171.63K,48.87K,619.0,175.15,-19.18
179,SABTNL.NS,1344.85,187.34K,Consumer Services,Movies/Entertainment,93.0,98.0,83.0,96.0,27.38K,157.18K,2219.95,352.6,-39.42
180,JAYNECOIND.NS,71.6,2428.57K,Producer Manufacturing,Metal Fabrication,93.0,37.0,88.0,94.0,13130.94K,4977.01K,81.2,28.0,-11.82
181,STALLION.NS,168.95,334.81K,Distribution Services,Wholesale Distributors,93.0,0.0,80.0,96.0,2749.66K,550.77K,423.8,60.0,-60.13
182,GARUDA.NS,212.81,838.83K,Industrial Services,Engineering & Construction,93.0,86.0,55.0,95.0,2485.14K,1704.78K,249.3,87.5,-14.64
185,SOUTHWEST.NS,211.71,696.57K,Energy Minerals,Coal,93.0,98.0,95.0,90.0,201.71K,288.88K,214.17,99.06,-1.15
186,RPEL.NS,1009.35,33.56K,Process Industries,Chemicals: Major Diversified,93.0,97.0,96.0,88.0,111.75K,72.72K,1065.0,449.5,-5.23
187,LAURUSLABS.NS,1031.35,2485.74K,Health Technology,Pharmaceuticals: Major,93.0,85.0,86.0,94.0,1975.76K,1840.71K,1033.5,501.15,-0.21
188,PRIVISCL.NS,3153.6,119.25K,Process Industries,Chemicals: Major Diversified,93.0,90.0,93.0,87.0,92.30K,56.21K,3440.5,1368.15,-8.34
190,VISASTEEL.NS,52.6,25.19K,Non-Energy Minerals,Steel,93.0,13.0,96.0,93.0,50.15K,56.91K,73.68,28.2,-28.61
192,YATRA.NS,173.67,1558.35K,Consumer Services,Other Consumer Services,92.0,95.0,81.0,94.0,3145.46K,2695.22K,202.0,65.51,-14.02
195,BHAGYANGR.NS,136.18,62.65K,Producer Manufacturing,Electrical Products,92.0,54.0,95.0,94.0,312.43K,409.83K,167.4,65.0,-18.65
197,ARFIN.NS,57.77,62.87K,Non-Energy Minerals,Aluminum,92.0,82.0,96.0,,450.38K,177.44K,59.28,31.43,-2.55
199,PVP.NS,37.08,268.50K,Technology Services,Information Technology Services,92.0,82.0,96.0,91.0,734.76K,335.43K,39.41,18.3,-5.91
201,TVSSRICHAK.NS,4698.4,9.82K,Consumer Durables,Automotive Aftermarket,92.0,92.0,96.0,92.0,14.07K,17.99K,4775.8,2431.8,-1.62
202,GABRIEL.NS,1028.7,290.67K,Producer Manufacturing,Auto Parts: Oem,92.0,6.0,28.0,92.0,519.12K,1207.42K,1388.0,387.0,-25.89
203,NETWEB.NS,3291.4,305.92K,Electronic Technology,Computer Peripherals,92.0,5.0,94.0,93.0,2982.58K,1223.05K,4479.0,1251.55,-26.51
206,ARSSBL.NS,694.0,603.64K,Finance,Investment Banks/Brokers,92.0,97.0,,,2111.34K,1884.90K,794.85,431.0,-12.69
207,GMDCLTD.NS,539.3,6655.76K,Distribution Services,Wholesale Distributors,92.0,28.0,91.0,91.0,8373.83K,9070.91K,651.0,226.59,-17.16
208,RAMAPHO.NS,176.25,44.91K,Process Industries,Chemicals: Agricultural,92.0,45.0,88.0,91.0,456.51K,181.36K,217.19,80.85,-18.85
210,SHAILY.NS,2602.0,169.85K,Process Industries,Chemicals: Specialty,92.0,91.0,83.0,84.0,272.12K,312.00K,2799.9,1271.0,-7.07
211,RBLBANK.NS,312.4,2877.51K,Finance,Major Banks,92.0,54.0,85.0,90.0,13244.72K,4517.37K,332.0,146.1,-5.9
213,UNIVCABLES.NS,956.3,135.35K,Electronic Technology,Electronic Components,92.0,96.0,91.0,93.0,145.95K,547.17K,1008.0,407.25,-5.13
214,BLACKBUCK.NS,667.75,271.71K,Technology Services,Packaged Software,92.0,78.0,67.0,90.0,1238.92K,1428.40K,748.0,262.9,-10.73
215,MCX.NS,10073.5,918.90K,Finance,Investment Banks/Brokers,92.0,89.0,92.0,91.0,554.74K,469.52K,10471.5,4408.15,-3.8
216,BALAJITELE.NS,115.52,97.65K,Consumer Services,Movies/Entertainment,92.0,76.0,86.0,89.0,261.45K,268.62K,141.32,49.02,-18.26
217,RELIABLE.NS,152.98,46.41K,Technology Services,Data Processing Services,92.0,91.0,40.0,95.0,63.82K,88.32K,165.0,63.15,-7.28
218,LGBBROSLTD.NS,1961.5,278.26K,Producer Manufacturing,Electrical Products,92.0,97.0,95.0,91.0,144.84K,93.80K,1975.0,1081.0,-0.68
219,BLUECOAST.NS,39.14,9.04K,Consumer Services,Hotels/Resorts/Cruise Lines,92.0,4.0,1.0,90.0,13.79K,8.11K,86.31,9.52,-54.65
220,GUJRAFFIA.NS,63.57,8.16K,Producer Manufacturing,Miscellaneous Manufacturing,92.0,14.0,96.0,93.0,18.86K,10.67K,105.88,34.87,-39.96
221,MCLEODRUSS.NS,53.56,258.78K,Consumer Non-Durables,Food: Specialty/Candy,92.0,8.0,93.0,93.0,1006.22K,326.65K,68.47,27.6,-21.78
223,KMEW.NS,2786.5,52.55K,Producer Manufacturing,Trucks/Construction/Farm Machinery,92.0,94.0,93.0,94.0,111.52K,105.82K,3074.7,1264.05,-9.37
226,PRECWIRE.NS,256.02,267.41K,Producer Manufacturing,Electrical Products,91.0,91.0,95.0,89.0,1061.27K,852.08K,277.15,118.0,-7.62
227,V2RETAIL.NS,2449.8,39.07K,Retail Trade,Apparel/Footwear Retail,91.0,83.0,93.0,86.0,153.97K,142.56K,2564.1,1290.1,-4.46
228,BELRISE.NS,167.59,19258.22K,Producer Manufacturing,Auto Parts: Oem,91.0,90.0,86.0,94.0,7669.98K,5728.18K,172.68,89.15,-2.95
231,POCL.NS,1287.0,162.30K,Non-Energy Minerals,Other Metals/Minerals,91.0,34.0,87.0,94.0,535.23K,201.69K,1506.0,490.0,-14.54
233,SOLEX.NS,1778.8,51.92K,Producer Manufacturing,Building Products,91.0,94.0,92.0,91.0,44.83K,87.77K,1985.0,630.9,-10.39
234,INDIAGLYCO.NS,1090.65,125.37K,Process Industries,Chemicals: Specialty,91.0,92.0,91.0,76.0,327.47K,608.48K,1222.0,503.52,-10.75
235,ACUTAAS.NS,1837.5,343.52K,Health Technology,Pharmaceuticals: Major,91.0,88.0,90.0,,364.14K,390.05K,1902.0,1059.0,-3.39
238,CHENNPETRO.NS,916.15,1946.90K,Energy Minerals,Oil Refining/Marketing,91.0,80.0,93.0,87.0,3581.86K,3367.31K,1103.0,433.1,-16.94
239,KRISHIVAL.NS,479.9,51.25K,Process Industries,Agricultural Commodities/Milling,91.0,55.0,70.0,93.0,28.65K,48.20K,508.0,211.0,-5.53
240,SJS.NS,1695.1,109.59K,Producer Manufacturing,Auto Parts: Oem,91.0,86.0,90.0,91.0,198.63K,127.89K,1814.0,808.15,-6.55
241,CANBK.NS,151.58,19410.68K,Finance,Major Banks,91.0,92.0,94.0,86.0,28221.35K,27870.09K,152.5,78.6,-0.6
242,CUB.NS,271.08,1363.19K,Finance,Regional Banks,91.0,92.0,92.0,88.0,3256.85K,4743.15K,283.09,142.91,-4.24
244,TVSELECT.NS,548.05,103.20K,Electronic Technology,Electronic Equipment/Instruments,91.0,25.0,92.0,87.0,391.78K,329.16K,739.35,271.45,-25.87
245,MWL.NS,248.17,198.11K,Non-Energy Minerals,Steel,91.0,81.0,90.0,91.0,29.02K,49.33K,266.8,132.0,-6.98
246,DCBBANK.NS,183.57,2329.63K,Finance,Regional Banks,91.0,94.0,94.0,83.0,3643.33K,3602.74K,189.15,101.41,-2.95
247,AUBANK.NS,955.25,1439.49K,Finance,Regional Banks,91.0,88.0,91.0,88.0,2751.95K,2253.76K,962.65,489.45,-0.77
248,COMSYN.NS,143.9,24.55K,Process Industries,Containers/Packaging,91.0,33.0,60.0,85.0,210.25K,16.84K,163.95,65.0,-12.23
249,SOUTHBANK.NS,39.58,25220.44K,Finance,Major Banks,91.0,84.0,92.0,87.0,32391.85K,56383.58K,41.65,22.3,-4.97
250,MANOMAY.NS,258.62,326.64K,Process Industries,Textiles,91.0,95.0,95.0,91.0,47.65K,120.34K,259.88,146.0,-0.48
251,RICOAUTO.NS,120.88,75137.90K,Producer Manufacturing,Auto Parts: Oem,91.0,97.0,92.0,93.0,2461.91K,7758.69K,123.37,54.0,-2.02
252,INOXGREEN.NS,218.5,705.95K,Utilities,Alternative Power Generation,91.0,6.0,94.0,79.0,2105.24K,1324.38K,279.0,104.0,-21.68
256,BSE.NS,2902.4,2524.18K,Finance,Investment Banks/Brokers,90.0,94.0,92.0,70.0,5128.53K,4416.75K,3030.0,1227.33,-4.21
257,AGIIL.NS,271.3,74.95K,Finance,Real Estate Development,90.0,81.0,85.0,93.0,998.86K,658.04K,298.8,137.0,-9.2
259,INDIANB.NS,870.25,1306.41K,Finance,Major Banks,90.0,76.0,91.0,89.0,1812.10K,1498.42K,894.85,473.9,-2.75
260,IXIGO.NS,266.9,1572.99K,Technology Services,Internet Software/Services,90.0,62.0,56.0,91.0,3971.22K,1747.68K,339.15,117.0,-21.3
261,QPOWER.NS,745.0,416.51K,Producer Manufacturing,Electrical Products,90.0,2.0,45.0,92.0,648.70K,522.25K,1082.0,267.8,-31.15
262,GMBREW.NS,1020.5,162.49K,Consumer Non-Durables,Beverages: Alcoholic,90.0,6.0,95.0,90.0,1228.84K,334.99K,1316.65,579.95,-22.49
263,THYROCARE.NS,495.7,1098.16K,Health Services,Medical/Nursing Services,90.0,89.0,84.0,89.0,1448.37K,1217.65K,536.67,219.33,-7.63
265,ISHANCH.NS,69.52,11.10K,Distribution Services,Wholesale Distributors,90.0,74.0,78.0,94.0,96.56K,22.53K,83.37,36.0,-16.61
266,IIFL.NS,578.7,1816.58K,Finance,Finance/Rental/Leasing,90.0,85.0,92.0,86.0,1484.00K,1772.51K,581.1,279.8,-0.41
268,MAANALU.NS,160.25,1585.79K,Non-Energy Minerals,Aluminum,90.0,85.0,95.0,87.0,159.28K,171.96K,162.68,75.51,-1.49
269,SRM.NS,571.7,59.34K,Industrial Services,Engineering & Construction,90.0,68.0,87.0,84.0,285.14K,225.08K,649.95,287.05,-12.04
270,GRSE.NS,2793.2,1590.15K,Producer Manufacturing,Trucks/Construction/Farm Machinery,90.0,88.0,85.0,45.0,1556.51K,1738.53K,3538.4,1184.9,-21.06
272,RAMCOSYS.NS,572.45,57.70K,Technology Services,Information Technology Services,90.0,37.0,92.0,86.0,110.20K,73.68K,666.3,270.0,-14.09
275,PUNJABCHEM.NS,1415.0,18.76K,Process Industries,Chemicals: Agricultural,90.0,62.0,88.0,83.0,40.67K,7.35K,1666.0,662.0,-15.07
276,SIRCA.NS,519.6,376.14K,Process Industries,Industrial Specialties,90.0,74.0,79.0,90.0,450.45K,367.76K,539.0,230.69,-3.6
280,MANINDS.NS,466.4,173.72K,Producer Manufacturing,Industrial Machinery,90.0,91.0,87.0,83.0,844.91K,1672.20K,491.0,201.55,-5.01
281,WELINV.NS,1185.1,0.91K,Finance,Investment Banks/Brokers,90.0,27.0,91.0,85.0,1.52K,3.17K,1424.0,597.55,-16.78
283,POWERINDIA.NS,22056.0,61.96K,Electronic Technology,Electronic Equipment/Instruments,90.0,95.0,82.0,75.0,115.06K,95.77K,22450.0,8801.0,-1.76
284,SANDUMA.NS,213.47,4468.43K,Non-Energy Minerals,Other Metals/Minerals,90.0,56.0,94.0,86.0,4752.52K,2199.53K,237.88,112.4,-10.26
285,SYRMA.NS,820.25,1874.23K,Electronic Technology,Electronic Production Equipment,90.0,69.0,75.0,91.0,2112.28K,1375.79K,909.9,370.0,-9.85
287,UJJIVANSFB.NS,54.43,6380.34K,Finance,Regional Banks,90.0,79.0,89.0,83.0,11483.03K,12210.28K,56.18,30.88,-3.11
288,SHRIRAMFIN.NS,851.65,8196.59K,Finance,Finance/Rental/Leasing,89.0,93.0,94.0,86.0,6354.12K,5783.70K,872.0,493.35,-2.33
290,M&MFIN.NS,371.85,6376.14K,Finance,Finance/Rental/Leasing,89.0,94.0,94.0,89.0,2819.61K,5067.45K,372.95,236.24,-0.29
291,PTCIL.NS,18177.0,9.37K,Producer Manufacturing,Metal Fabrication,89.0,85.0,90.0,79.0,18.85K,15.52K,18597.0,9756.3,-2.26
292,MANAKCOAT.NS,145.64,235.97K,Non-Energy Minerals,Steel,89.0,40.0,61.0,86.0,1240.91K,225.33K,182.82,71.23,-20.34
293,ORICONENT.NS,58.88,70.98K,Producer Manufacturing,Miscellaneous Manufacturing,89.0,90.0,78.0,89.0,396.18K,367.18K,63.0,29.83,-6.54
295,PASUPTAC.NS,60.17,647.65K,Process Industries,Textiles,89.0,91.0,94.0,86.0,200.82K,537.26K,63.5,38.64,-5.24
297,TEAMGTY.NS,265.0,0.28K,Finance,Financial Conglomerates,89.0,84.0,48.0,93.0,2.49K,2.42K,315.0,135.4,-15.87
298,ADANIPOWER.NS,147.49,10044.16K,Utilities,Electric Utilities,89.0,28.0,87.0,87.0,58305.13K,16156.33K,182.7,89.0,-19.27
302,PSPPROJECT.NS,909.3,338.87K,Industrial Services,Engineering & Construction,89.0,59.0,91.0,89.0,402.42K,195.54K,1029.9,609.0,-11.71
303,GOKULAGRO.NS,207.89,415.19K,Process Industries,Agricultural Commodities/Milling,89.0,95.0,89.0,94.0,1107.22K,1674.05K,221.2,96.55,-6.02
306,GVT&D.NS,2881.4,302.72K,Producer Manufacturing,Electrical Products,89.0,44.0,67.0,84.0,754.31K,2340.03K,3323.8,1254.0,-13.31
307,NRAIL.NS,466.55,19.03K,Process Industries,Containers/Packaging,89.0,85.0,75.0,94.0,37.42K,26.51K,514.0,205.75,-9.23
308,ANURAS.NS,1221.7,231.30K,Health Technology,Pharmaceuticals: Major,89.0,90.0,74.0,81.0,374.45K,571.99K,1263.0,601.0,-3.27
311,DYNAMATECH.NS,9247.5,26.58K,Producer Manufacturing,Industrial Machinery,89.0,94.0,94.0,87.0,29.72K,22.68K,9876.0,5444.15,-6.36
312,GALLANTT.NS,590.05,65.48K,Non-Energy Minerals,Steel,89.0,91.0,65.0,83.0,510.95K,478.11K,802.25,292.05,-26.45
313,SENORES.NS,823.7,408.11K,Health Technology,Pharmaceuticals: Major,89.0,84.0,85.0,92.0,291.28K,242.02K,832.0,435.25,-1.0
315,HBLENGINE.NS,885.7,1499.34K,Producer Manufacturing,Electrical Products,89.0,18.0,80.0,90.0,2851.34K,4004.39K,1122.0,405.0,-21.06
316,INTENTECH.NS,131.15,29.48K,Technology Services,Information Technology Services,89.0,82.0,95.0,87.0,268.56K,227.49K,154.9,79.5,-15.33
317,PAYTM.NS,1320.6,6948.62K,Finance,Finance/Rental/Leasing,89.0,73.0,76.0,90.0,4179.50K,9417.29K,1353.8,651.5,-2.45
318,NAVINFLUOR.NS,5735.5,179.85K,Process Industries,Chemicals: Specialty,89.0,92.0,87.0,87.0,238.32K,117.42K,6168.5,3180.0,-7.02
319,PRICOLLTD.NS,623.45,275.61K,Producer Manufacturing,Auto Parts: Oem,88.0,93.0,92.0,88.0,847.67K,1238.78K,693.25,367.85,-10.07
320,EUROPRATIK.NS,340.9,160.72K,Producer Manufacturing,Office Equipment/Supplies,88.0,84.0,,,876.97K,448.89K,390.0,225.0,-12.59
323,NYKAA.NS,267.31,9335.80K,Retail Trade,Internet Retail,88.0,81.0,82.0,85.0,6416.48K,7325.08K,273.22,154.9,-2.16
324,PANSARI.NS,299.8,2.43K,Technology Services,Packaged Software,88.0,93.0,78.0,81.0,5.32K,12.79K,352.3,142.05,-14.9
325,TARAPUR.NS,36.38,12.55K,Producer Manufacturing,Electrical Products,88.0,72.0,95.0,87.0,72.85K,37.67K,50.85,21.5,-28.46
327,BANCOINDIA.NS,678.9,248.88K,Producer Manufacturing,Industrial Machinery,88.0,50.0,84.0,79.0,1634.68K,1470.47K,879.8,297.5,-22.83
330,PFOCUS.NS,169.73,1698.80K,Consumer Services,Movies/Entertainment,88.0,51.0,83.0,91.0,3125.94K,2748.80K,203.7,85.0,-16.68
331,APEX.NS,297.27,436.42K,Consumer Non-Durables,Food: Meat/Fish/Dairy,88.0,95.0,93.0,84.0,781.00K,2928.09K,350.53,186.55,-15.19
332,HINDCOPPER.NS,327.0,4723.92K,Non-Energy Minerals,Other Metals/Minerals,88.0,43.0,93.0,86.0,11843.38K,5391.98K,365.5,183.82,-10.53
333,NEULANDLAB.NS,17288.0,91.64K,Health Technology,Pharmaceuticals: Major,88.0,86.0,89.0,91.0,57.09K,43.08K,19747.0,10190.7,-12.45
334,GUJTHEM.NS,407.6,87.40K,Health Technology,Pharmaceuticals: Major,88.0,19.0,72.0,85.0,193.62K,87.59K,479.0,208.0,-14.91
335,FEDFINA.NS,146.76,958.91K,Finance,Finance/Rental/Leasing,88.0,76.0,74.0,90.0,1348.12K,1656.86K,166.8,80.0,-12.01
336,CARYSIL.NS,1012.85,55.75K,Consumer Durables,Home Furnishings,88.0,85.0,84.0,81.0,178.27K,124.94K,1071.9,482.3,-5.51
337,ADANIENSOL.NS,994.55,827.80K,Utilities,Electric Utilities,88.0,78.0,90.0,74.0,1795.52K,1023.91K,1050.0,639.45,-5.28
341,FIEMIND.NS,2265.3,55.19K,Producer Manufacturing,Auto Parts: Oem,88.0,87.0,74.0,89.0,116.76K,86.80K,2378.1,1255.1,-4.74
342,INFOBEAN.NS,603.2,20.66K,Technology Services,Packaged Software,88.0,35.0,41.0,93.0,60.81K,37.66K,727.7,270.55,-17.11
343,HEROMOTOCO.NS,6174.5,504.41K,Consumer Durables,Motor Vehicles,88.0,90.0,86.0,89.0,816.63K,966.76K,6239.0,3344.0,-1.03
345,RATEGAIN.NS,710.45,138.90K,Technology Services,Packaged Software,88.0,90.0,93.0,92.0,709.90K,335.30K,762.7,412.85,-6.85
346,BAJAJCON.NS,267.35,410.94K,Consumer Non-Durables,Household/Personal Care,88.0,69.0,81.0,91.0,1095.13K,591.11K,310.0,151.0,-13.76
347,JKTYRE.NS,447.0,424.59K,Consumer Durables,Automotive Aftermarket,88.0,77.0,93.0,80.0,1331.28K,639.21K,476.0,243.0,-6.09
348,GMRAIRPORT.NS,108.35,25814.55K,Transportation,Other Transportation,88.0,92.0,89.0,84.0,16141.60K,33194.25K,109.07,67.75,-0.66
349,BANKINDIA.NS,147.14,4415.19K,Finance,Major Banks,88.0,84.0,91.0,80.0,9680.92K,7296.41K,151.43,90.05,-2.83
350,DATAPATTNS.NS,2970.8,655.98K,Electronic Technology,Electronic Production Equipment,88.0,89.0,88.0,65.0,507.28K,917.74K,3268.8,1351.15,-9.12
352,KIRLOSENG.NS,1124.85,113.22K,Producer Manufacturing,Electrical Products,87.0,89.0,88.0,82.0,586.26K,509.98K,1195.0,544.4,-5.87
353,CPPLUS.NS,1534.0,220.85K,Consumer Durables,Electronics/Appliances,87.0,91.0,86.0,,275.86K,241.64K,1745.1,1015.0,-12.1
354,AGARWALEYE.NS,533.75,295.45K,Health Services,Medical/Nursing Services,87.0,78.0,87.0,92.0,306.15K,443.15K,568.0,327.0,-6.03
356,ASAHIINDIA.NS,1020.7,69.81K,Consumer Durables,Home Furnishings,87.0,87.0,84.0,86.0,308.39K,593.93K,1074.0,576.8,-4.96
357,VINCOFE.NS,161.13,3879.42K,Distribution Services,Wholesale Distributors,87.0,65.0,77.0,87.0,2822.06K,3491.75K,174.5,75.0,-7.66
358,SANSERA.NS,1749.1,154.48K,Producer Manufacturing,Auto Parts: Oem,87.0,92.0,93.0,84.0,125.08K,204.91K,1770.0,972.2,-1.18
359,MANAPPURAM.NS,284.95,2580.28K,Finance,Finance/Rental/Leasing,87.0,80.0,75.0,79.0,3613.55K,3369.44K,298.0,154.5,-4.38
360,ASHOKLEY.NS,158.12,27491.13K,Producer Manufacturing,Trucks/Construction/Farm Machinery,87.0,90.0,88.0,87.0,16455.88K,21384.93K,162.0,95.93,-2.4
361,SVLL.NS,698.35,0.71K,Transportation,Air Freight/Couriers,87.0,33.0,28.0,57.0,1.55K,2.46K,855.7,316.0,-18.39
363,FEDERALBNK.NS,257.92,5507.30K,Finance,Major Banks,87.0,89.0,91.0,84.0,8888.11K,10728.58K,258.8,172.66,-0.34
364,RISHABH.NS,426.15,14.24K,Producer Manufacturing,Electrical Products,87.0,81.0,65.0,89.0,93.37K,53.10K,490.0,201.5,-13.03
365,UNIPARTS.NS,496.25,94.20K,Producer Manufacturing,Auto Parts: Oem,87.0,51.0,88.0,88.0,375.82K,205.79K,543.95,296.65,-8.77
366,SMSPHARMA.NS,319.2,1425.98K,Health Technology,Pharmaceuticals: Major,87.0,89.0,92.0,80.0,997.49K,1788.42K,335.0,176.05,-4.72
368,BHEL.NS,290.85,7276.42K,Producer Manufacturing,Electrical Products,87.0,90.0,93.0,73.0,9729.11K,9886.81K,295.25,176.0,-1.49
369,KINGFA.NS,4502.6,4.37K,Process Industries,Chemicals: Specialty,87.0,62.0,74.0,85.0,4.89K,3.07K,4880.0,2550.0,-7.73
370,CUMMINSIND.NS,4479.3,764.86K,Producer Manufacturing,Auto Parts: Oem,87.0,77.0,83.0,88.0,463.86K,586.72K,4518.6,2580.0,-0.87
373,FABTECH.NS,239.67,1587.16K,Health Technology,Biotechnology,87.0,78.0,,,1443.20K,1625.32K,262.8,173.28,-8.8
374,PASHUPATI.NS,810.7,2.05K,Process Industries,Textiles,87.0,72.0,86.0,82.0,8.85K,2.82K,837.35,473.0,-3.18
375,NATIONALUM.NS,259.98,7385.67K,Non-Energy Minerals,Aluminum,87.0,88.0,93.0,89.0,11524.34K,8918.45K,271.89,137.75,-4.38
378,MUTHOOTMF.NS,194.96,559.74K,Finance,Finance/Rental/Leasing,87.0,92.0,89.0,91.0,337.19K,1233.88K,199.39,119.25,-2.22
379,DELPHIFX.NS,230.55,222.33K,Commercial Services,Miscellaneous Commercial Services,87.0,90.0,80.0,95.0,42.91K,92.26K,251.0,109.16,-8.15
380,TVSHLTD.NS,14336.0,5.70K,Producer Manufacturing,Auto Parts: Oem,87.0,42.0,87.0,81.0,8.83K,4.59K,16297.0,7855.25,-12.03
382,GLOBAL.NS,83.74,270.99K,Commercial Services,Miscellaneous Commercial Services,87.0,94.0,89.0,88.0,105.42K,177.50K,90.0,41.0,-6.96
388,LOTUSEYE.NS,105.65,3.73K,Health Services,Medical/Nursing Services,86.0,17.0,31.0,90.0,57.99K,10.21K,139.2,54.99,-24.1
389,ASTERDM.NS,665.45,342.68K,Health Services,Hospital/Nursing Management,86.0,51.0,77.0,79.0,887.14K,879.90K,732.2,387.1,-9.12
390,MUFIN.NS,111.04,392.59K,Finance,Finance/Rental/Leasing,86.0,91.0,90.0,89.0,1433.68K,2245.59K,128.0,63.11,-13.25
391,INTERARCH.NS,2384.8,66.41K,Producer Manufacturing,Building Products,86.0,92.0,81.0,65.0,117.69K,87.86K,2762.6,1264.0,-13.68
392,HCG.NS,730.35,270.04K,Health Services,Hospital/Nursing Management,86.0,50.0,74.0,87.0,331.71K,187.91K,804.65,456.95,-9.23
393,SHREEJISPG.NS,330.85,2775.02K,Transportation,Other Transportation,86.0,95.0,90.0,,941.07K,1527.75K,333.9,222.0,-0.91
394,PGIL.NS,1688.7,54.34K,Consumer Non-Durables,Apparel/Footwear,86.0,96.0,92.0,77.0,221.55K,250.01K,1993.3,875.0,-15.28
396,SILGO.NS,64.52,4.09K,Consumer Durables,Other Consumer Specialties,86.0,45.0,44.0,81.0,19.59K,12.27K,79.0,26.21,-18.33
398,JUBLCPL.NS,2286.0,1.50K,Process Industries,Chemicals: Agricultural,86.0,45.0,25.0,90.0,6.04K,1.71K,3013.4,1020.0,-24.14
399,EICHERMOT.NS,7053.5,449.48K,Consumer Durables,Motor Vehicles,86.0,77.0,82.0,86.0,508.12K,651.84K,7284.5,4646.0,-3.17
400,TI.NS,476.1,585.55K,Consumer Non-Durables,Beverages: Alcoholic,86.0,39.0,61.0,84.0,1287.70K,1684.46K,549.7,199.53,-13.39
401,CCL.NS,1008.6,121.22K,Consumer Non-Durables,Food: Specialty/Candy,86.0,94.0,82.0,75.0,459.40K,331.70K,1074.4,525.0,-6.12
404,ANANDRATHI.NS,2888.9,56.70K,Finance,Investment Managers,86.0,34.0,66.0,91.0,266.92K,111.04K,3321.4,1594.0,-13.02
405,YATHARTH.NS,707.8,16316.16K,Health Services,Hospital/Nursing Management,86.0,25.0,63.0,88.0,527.97K,401.16K,843.7,345.6,-16.11
409,VARROC.NS,659.4,586.08K,Producer Manufacturing,Auto Parts: Oem,86.0,87.0,87.0,82.0,289.32K,477.20K,674.5,374.1,-2.24
410,SHREEPUSHK.NS,400.6,49.55K,Process Industries,Chemicals: Specialty,86.0,51.0,89.0,86.0,478.41K,73.58K,476.0,220.5,-15.84
414,VSTTILLERS.NS,5601.5,49.50K,Producer Manufacturing,Trucks/Construction/Farm Machinery,86.0,43.0,71.0,90.0,24.15K,24.79K,6149.0,3082.0,-8.9
417,RADICO.NS,3208.1,405.41K,Consumer Non-Durables,Beverages: Alcoholic,85.0,76.0,79.0,83.0,390.50K,919.57K,3591.9,1845.5,-10.69
418,DREDGECORP.NS,857.65,610.33K,Transportation,Marine Shipping,85.0,93.0,94.0,66.0,311.96K,182.89K,970.05,495.0,-11.59
419,ATLASCYCLE.NS,97.95,9.97K,Consumer Durables,Motor Vehicles,85.0,11.0,6.0,3.0,7.13K,6.02K,176.39,28.85,-44.47
421,TVSMOTOR.NS,3531.5,542.79K,Consumer Durables,Motor Vehicles,85.0,74.0,73.0,84.0,788.03K,802.00K,3720.0,2171.4,-5.07
423,CRAFTSMAN.NS,7024.5,49.32K,Producer Manufacturing,Trucks/Construction/Farm Machinery,85.0,83.0,63.0,83.0,44.44K,70.94K,7378.5,3700.0,-4.8
424,POONAWALLA.NS,480.3,6018.53K,Finance,Finance/Rental/Leasing,85.0,68.0,78.0,79.0,2987.06K,674.23K,570.4,267.2,-15.8
425,AIIL.NS,2706.5,78.58K,Finance,Financial Conglomerates,85.0,30.0,18.0,77.0,133.38K,107.32K,3318.7,1325.5,-18.45
426,CARRARO.NS,555.15,244.20K,Producer Manufacturing,Auto Parts: Oem,85.0,88.0,92.0,81.0,198.84K,218.85K,692.4,253.15,-19.82
428,EMKAY.NS,299.0,3.77K,Finance,Investment Managers,85.0,50.0,91.0,84.0,140.55K,18.49K,409.9,169.67,-27.06
429,CHOICEIN.NS,806.45,1139.04K,Commercial Services,Miscellaneous Commercial Services,85.0,66.0,62.0,76.0,440.29K,387.57K,841.0,438.45,-4.11
432,SAKAR.NS,375.45,10.10K,Health Technology,Pharmaceuticals: Major,85.0,85.0,80.0,79.0,23.73K,15.12K,411.8,210.1,-8.83
433,KARURVYSYA.NS,247.97,1210.28K,Finance,Regional Banks,85.0,74.0,82.0,87.0,2144.86K,1386.53K,258.5,154.62,-4.07
437,SEQUENT.NS,223.46,1211.34K,Health Technology,Pharmaceuticals: Major,85.0,82.0,91.0,77.0,1603.94K,3730.02K,257.85,117.35,-13.34
440,MFSL.NS,1702.1,275.74K,Finance,Life/Health Insurance,85.0,88.0,71.0,75.0,659.22K,741.35K,1751.4,950.0,-2.81
443,KANPRPLA.NS,204.1,1.79K,Producer Manufacturing,Miscellaneous Manufacturing,85.0,73.0,66.0,26.0,16.28K,15.03K,249.5,104.5,-18.2
444,JPOLYINVST.NS,1034.4,70.65K,Finance,Investment Managers,85.0,83.0,85.0,82.0,28.11K,4.53K,1110.3,554.3,-6.84
446,LGHL.NS,287.05,184.20K,Consumer Durables,Other Consumer Specialties,84.0,85.0,50.0,82.0,109.46K,147.35K,399.58,119.75,-28.16
447,BAJFINANCE.NS,1037.5,4981.78K,Finance,Finance/Rental/Leasing,84.0,65.0,84.0,74.0,7598.64K,6967.76K,1102.5,649.1,-5.9
448,INTELLECT.NS,1112.5,284.54K,Technology Services,Packaged Software,84.0,85.0,81.0,49.0,648.31K,751.61K,1255.0,577.4,-11.35
449,BEL.NS,411.75,6683.39K,Electronic Technology,Aerospace & Defense,84.0,72.0,78.0,69.0,14353.85K,12097.20K,436.0,240.25,-5.56
452,M&M.NS,3757.3,2944.36K,Consumer Durables,Motor Vehicles,84.0,86.0,84.0,83.0,2394.26K,2306.45K,3781.0,2425.0,-0.63
453,NH.NS,1945.5,292.35K,Health Services,Hospital/Nursing Management,84.0,87.0,78.0,73.0,705.71K,2690.82K,2370.2,1241.4,-17.92
455,JAINREC.NS,398.4,1966.60K,Non-Energy Minerals,Other Metals/Minerals,84.0,73.0,,,7410.63K,1692.81K,461.0,247.57,-13.58
460,ECLERX.NS,4550.7,75.93K,Commercial Services,Miscellaneous Commercial Services,84.0,56.0,73.0,84.0,135.83K,64.89K,4867.9,2168.0,-6.52
462,SAGILITY.NS,50.08,21176.97K,Commercial Services,Miscellaneous Commercial Services,84.0,33.0,81.0,83.0,44024.04K,45205.10K,57.89,34.9,-13.49
463,GENCON.NS,44.89,753.97K,Industrial Services,Engineering & Construction,84.0,86.0,84.0,80.0,192.15K,358.15K,55.92,21.96,-19.72
464,SHAHALLOYS.NS,71.35,27.64K,Non-Energy Minerals,Steel,84.0,54.0,90.0,86.0,61.30K,26.63K,83.85,43.3,-14.91
467,VLSFINANCE.NS,308.71,73.23K,Finance,Investment Banks/Brokers,84.0,97.0,93.0,85.0,74.30K,346.80K,384.7,186.9,-19.75
468,BHARATGEAR.NS,109.4,20.89K,Producer Manufacturing,Trucks/Construction/Farm Machinery,84.0,80.0,87.0,82.0,578.13K,23.48K,154.2,64.8,-29.05
474,NORTHARC.NS,269.45,289.67K,Finance,Finance/Rental/Leasing,84.0,70.0,79.0,82.0,803.73K,445.56K,290.0,141.47,-7.09
475,MARINE.NS,232.45,362.88K,Distribution Services,Wholesale Distributors,84.0,43.0,93.0,76.0,557.90K,428.81K,333.0,138.9,-30.2
477,SANDHAR.NS,560.05,293.05K,Consumer Durables,Motor Vehicles,84.0,85.0,90.0,70.0,264.56K,408.19K,603.0,315.0,-7.12
478,HINDWAREAP.NS,328.35,31.39K,Producer Manufacturing,Building Products,83.0,24.0,70.0,84.0,207.68K,190.28K,392.7,177.42,-16.39
480,BANKBARODA.NS,289.8,7905.09K,Finance,Major Banks,83.0,84.0,88.0,77.0,9475.55K,7523.39K,294.95,190.7,-1.75
482,CEATLTD.NS,3847.0,44.46K,Consumer Durables,Automotive Aftermarket,83.0,43.0,87.0,61.0,250.64K,91.85K,4438.0,2343.05,-13.32
483,BHARATFORG.NS,1433.8,1148.39K,Producer Manufacturing,Metal Fabrication,83.0,88.0,90.0,76.0,1193.78K,1300.02K,1460.2,919.1,-1.81
484,FORTIS.NS,919.1,2836.36K,Health Services,Hospital/Nursing Management,83.0,20.0,61.0,85.0,3117.54K,8160.07K,1104.3,577.0,-16.77
485,MARUTI.NS,15900.0,352.34K,Consumer Durables,Motor Vehicles,83.0,63.0,73.0,84.0,424.43K,346.52K,16660.0,10725.0,-4.56
486,ATLANTAA.NS,43.12,34.02K,Industrial Services,Engineering & Construction,83.0,30.0,94.0,76.0,581.37K,109.77K,73.39,27.26,-41.25
491,MIDWESTLTD.NS,1407.9,1039.78K,Non-Energy Minerals,Construction Materials,83.0,95.0,,,388.32K,222.15K,1440.0,1048.5,-2.23
492,HINDPETRO.NS,457.5,1539.74K,Energy Minerals,Oil Refining/Marketing,83.0,60.0,86.0,73.0,4165.09K,3753.65K,494.45,287.55,-7.47
493,SBIN.NS,979.0,8114.19K,Finance,Regional Banks,83.0,82.0,87.0,80.0,9713.39K,9004.68K,999.0,680.0,-2.0
495,TEMBO.NS,747.05,70.34K,Producer Manufacturing,Metal Fabrication,83.0,94.0,81.0,93.0,84.69K,107.38K,905.0,386.0,-17.45
496,SASTASUNDR.NS,328.35,25.34K,Retail Trade,Internet Retail,83.0,88.0,86.0,82.0,44.70K,34.08K,381.7,205.0,-13.98
497,PRAENG.NS,30.88,39.64K,Consumer Durables,Homebuilding,83.0,40.0,80.0,91.0,141.71K,90.38K,34.89,17.12,-11.49
499,GOODLUCK.NS,1172.7,65.22K,Non-Energy Minerals,Steel,83.0,43.0,55.0,82.0,272.49K,76.42K,1349.0,567.75,-13.07
500,PRIMESECU.NS,304.05,65.09K,Finance,Investment Banks/Brokers,83.0,84.0,87.0,81.0,60.22K,35.45K,325.0,196.85,-6.45
501,MBAPL.NS,399.2,45.05K,Process Industries,Chemicals: Agricultural,83.0,62.0,45.0,78.0,152.51K,52.43K,469.7,205.01,-15.01
502,CHOLAFIN.NS,1736.0,963.42K,Finance,Finance/Rental/Leasing,83.0,74.0,87.0,70.0,1463.31K,1239.11K,1782.0,1168.0,-2.58
503,PNB.NS,124.5,9942.45K,Finance,Major Banks,83.0,80.0,87.0,78.0,16421.22K,14552.34K,126.24,85.46,-1.38
504,USHAMART.NS,427.9,743.85K,Producer Manufacturing,Metal Fabrication,83.0,39.0,79.0,88.0,1003.12K,549.53K,497.1,278.55,-13.92
505,MOSCHIP.NS,218.95,2176.83K,Electronic Technology,Semiconductors,83.0,19.0,90.0,77.0,7105.13K,1207.96K,288.45,129.98,-24.09
507,CANFINHOME.NS,884.55,71.49K,Finance,Finance/Rental/Leasing,83.0,74.0,87.0,74.0,261.06K,359.99K,925.0,558.5,-4.37
508,KAPSTON.NS,303.65,35.09K,Commercial Services,Miscellaneous Commercial Services,83.0,87.0,89.0,81.0,22.82K,45.91K,356.75,190.0,-14.88
509,MONTECARLO.NS,768.8,47.38K,Consumer Non-Durables,Apparel/Footwear,83.0,88.0,91.0,84.0,71.03K,63.67K,986.0,518.05,-22.03
510,GLENMARK.NS,1946.2,687.38K,Health Technology,Pharmaceuticals: Major,82.0,79.0,62.0,86.0,840.82K,1742.81K,2284.8,1275.5,-14.82
511,RACLGEAR.NS,1062.3,11.07K,Producer Manufacturing,Auto Parts: Oem,82.0,59.0,84.0,70.0,103.15K,30.11K,1347.8,658.05,-21.18
512,GUJAPOLLO.NS,455.65,11.84K,Producer Manufacturing,Trucks/Construction/Farm Machinery,82.0,75.0,28.0,85.0,14.21K,12.23K,556.0,246.55,-18.05
513,INDOBORAX.NS,241.05,12.49K,Process Industries,Chemicals: Specialty,82.0,24.0,58.0,86.0,39.94K,27.57K,301.85,142.35,-20.14
514,WHEELS.NS,861.55,63.89K,Producer Manufacturing,Auto Parts: Oem,82.0,36.0,83.0,74.0,103.41K,21.69K,978.5,543.6,-11.95
515,CSBBANK.NS,412.2,302.75K,Finance,Major Banks,82.0,71.0,78.0,74.0,485.35K,338.39K,447.0,272.75,-7.79
516,MAHSCOOTER.NS,14705.0,2.61K,Producer Manufacturing,Industrial Machinery,82.0,29.0,40.0,73.0,10.13K,5.59K,18538.0,8822.0,-20.68
518,ADANIPORTS.NS,1516.9,2611.87K,Transportation,Other Transportation,82.0,81.0,82.0,67.0,2232.06K,1897.54K,1534.3,1010.75,-1.13
522,BPCL.NS,359.1,3459.25K,Energy Minerals,Oil Refining/Marketing,82.0,72.0,83.0,74.0,7592.93K,7765.46K,381.55,234.01,-5.88
523,BORANA.NS,282.38,81.94K,Process Industries,Textiles,82.0,95.0,91.0,83.0,232.50K,812.77K,323.21,211.0,-12.63
525,RAMCOIND.NS,334.65,292.88K,Non-Energy Minerals,Construction Materials,82.0,39.0,75.0,85.0,304.71K,127.78K,398.05,215.0,-15.93
528,WELSPUNLIV.NS,148.82,82858.52K,Consumer Non-Durables,Consumer Sundries,82.0,91.0,92.0,74.0,4073.58K,2044.33K,180.7,104.8,-17.64
529,FAZE3Q.NS,519.95,109.16K,Process Industries,Textiles,82.0,81.0,85.0,47.0,133.97K,149.18K,747.95,317.75,-30.48
530,TREJHARA.NS,263.67,61.90K,Technology Services,Information Technology Services,82.0,95.0,89.0,68.0,30.27K,22.75K,294.55,155.6,-10.48
532,IDFCFIRSTB.NS,80.13,14851.85K,Finance,Regional Banks,82.0,75.0,84.0,78.0,25124.45K,22187.76K,82.7,52.46,-3.11
533,UNIONBANK.NS,153.27,7660.76K,Finance,Major Banks,82.0,87.0,87.0,65.0,11105.69K,8671.78K,158.65,100.81,-3.39
534,UNOMINDA.NS,1306.8,582.06K,Producer Manufacturing,Auto Parts: Oem,82.0,85.0,64.0,85.0,857.90K,651.84K,1382.0,767.6,-5.44
535,MRPL.NS,158.06,2742.28K,Energy Minerals,Oil Refining/Marketing,82.0,59.0,90.0,71.0,8250.97K,7756.35K,185.0,98.92,-14.56
536,VEDL.NS,526.0,9981.04K,Non-Energy Minerals,Aluminum,82.0,80.0,88.0,80.0,10048.04K,6883.10K,535.5,363.0,-1.77
537,HIRECT.NS,1531.0,16.60K,Producer Manufacturing,Electrical Products,82.0,11.0,62.0,79.0,39.83K,32.12K,2108.5,799.0,-27.39
538,CENTUM.NS,2364.2,8.34K,Electronic Technology,Electronic Components,82.0,34.0,20.0,49.0,32.50K,20.65K,3044.0,1140.3,-22.33
540,COASTCORP.NS,46.56,218.98K,Transportation,Marine Shipping,82.0,91.0,94.0,75.0,259.41K,202.49K,55.33,30.01,-15.85
542,LORDSCHLO.NS,184.61,17.30K,Process Industries,Chemicals: Specialty,81.0,11.0,66.0,85.0,38.16K,22.56K,241.99,122.6,-23.71
544,JAMNAAUTO.NS,114.57,5181.28K,Producer Manufacturing,Auto Parts: Oem,81.0,94.0,77.0,82.0,1927.57K,2541.78K,117.99,68.57,-2.9
545,DIACABS.NS,150.12,3791.10K,Producer Manufacturing,Electrical Products,81.0,63.0,75.0,86.0,2182.70K,1146.14K,183.5,81.5,-18.19
547,MOTHERSON.NS,116.31,22761.55K,Producer Manufacturing,Auto Parts: Oem,81.0,88.0,88.0,75.0,20863.65K,28152.33K,117.7,71.5,-1.18
548,GROWW.NS,158.88,23312.52K,Miscellaneous,Investment Trusts/Mutual Funds,81.0,,,,247207.92K,190746.43K,193.8,112.0,-18.02
551,SANGAMIND.NS,446.45,14.01K,Process Industries,Textiles,81.0,63.0,85.0,66.0,60.22K,17.85K,513.0,293.15,-12.97
552,HEG.NS,527.7,523.91K,Electronic Technology,Electronic Components,81.0,25.0,81.0,60.0,1614.30K,1823.12K,619.5,331.25,-14.82
553,ARENTERP.NS,56.2,4.75K,Non-Energy Minerals,Construction Materials,81.0,95.0,87.0,72.0,2.53K,7.48K,88.34,37.17,-36.38
554,MOTILALOFS.NS,959.45,3374.27K,Technology Services,Internet Software/Services,81.0,42.0,79.0,79.0,1126.46K,1112.86K,1097.1,513.0,-12.55
555,SHRINGARMS.NS,223.09,1150.87K,Consumer Durables,Other Consumer Specialties,81.0,68.0,,,2773.18K,1214.79K,237.4,177.51,-6.03
556,INDNIPPON.NS,856.95,12.84K,Producer Manufacturing,Auto Parts: Oem,81.0,17.0,78.0,82.0,72.88K,48.30K,1099.9,545.3,-22.09
560,HINDALCO.NS,808.4,3200.32K,Non-Energy Minerals,Other Metals/Minerals,81.0,43.0,82.0,84.0,5452.46K,4838.72K,864.0,546.45,-6.44
561,IOC.NS,161.75,5936.16K,Energy Minerals,Integrated Oil,81.0,66.0,84.0,75.0,12044.30K,10744.63K,174.5,110.72,-7.31
562,VADILALIND.NS,5387.5,2.62K,Consumer Non-Durables,Food: Specialty/Candy,81.0,70.0,71.0,60.0,9.86K,4.54K,7398.5,3414.05,-27.18
563,BIL.NS,879.85,179.09K,Consumer Non-Durables,Consumer Sundries,81.0,81.0,69.0,80.0,6.88K,15.04K,984.75,444.0,-10.65
565,HUBTOWN.NS,312.35,311.98K,Finance,Real Estate Development,81.0,83.0,25.0,94.0,639.97K,478.84K,365.7,162.05,-14.59
566,ASTRAZEN.NS,9024.0,5.26K,Health Technology,Pharmaceuticals: Major,81.0,56.0,74.0,75.0,13.59K,9.79K,10691.0,6312.75,-15.59
567,CREDITACC.NS,1337.1,247.13K,Finance,Finance/Rental/Leasing,81.0,29.0,47.0,78.0,396.74K,287.96K,1490.1,750.2,-10.27
568,SIGMA.NS,52.77,29.56K,Technology Services,Packaged Software,81.0,73.0,90.0,88.0,675.42K,47.81K,400.0,21.01,-86.81
569,NBCC.NS,116.69,5880.23K,Commercial Services,Miscellaneous Commercial Services,81.0,65.0,85.0,48.0,10793.13K,20840.57K,130.7,70.8,-10.72
572,DATAMATICS.NS,842.35,59.50K,Technology Services,Packaged Software,81.0,15.0,16.0,88.0,233.76K,116.07K,1120.0,522.0,-24.79
573,IDBI.NS,100.38,5427.08K,Finance,Major Banks,81.0,77.0,83.0,64.0,12094.18K,14300.27K,106.97,65.89,-6.16
574,INDRAMEDCO.NS,512.5,188.89K,Health Services,Hospital/Nursing Management,80.0,17.0,83.0,77.0,724.34K,230.86K,640.85,307.25,-20.03
576,ASIANPAINT.NS,2874.4,748.45K,Process Industries,Industrial Specialties,80.0,92.0,81.0,84.0,1191.81K,1695.78K,2926.9,2124.75,-1.79
577,BHARTIARTL.NS,2101.6,6262.90K,Communications,Wireless Telecommunications,80.0,75.0,78.0,75.0,7237.62K,10928.56K,2174.5,1551.15,-3.35
578,SAMMAANCAP.NS,153.76,11834.50K,Finance,Finance/Rental/Leasing,80.0,9.0,88.0,82.0,29107.49K,35429.39K,192.95,97.61,-20.31
579,AVANTIFEED.NS,806.75,522.87K,Process Industries,Agricultural Commodities/Milling,80.0,91.0,88.0,51.0,1052.08K,2316.76K,964.2,572.0,-16.33
581,CIGNITITEC.NS,1857.3,81.89K,Technology Services,Information Technology Services,80.0,86.0,80.0,77.0,67.39K,68.60K,1970.0,1033.25,-5.72
582,63MOONS.NS,907.9,9403.00K,Technology Services,Packaged Software,80.0,92.0,60.0,67.0,112.57K,106.77K,1130.0,591.25,-19.65
583,HLEGLAS.NS,475.15,100.46K,Producer Manufacturing,Industrial Machinery,80.0,8.0,31.0,73.0,432.37K,179.69K,661.95,217.83,-28.22
585,REDINGTON.NS,281.1,2130.11K,Distribution Services,Electronics Distributors,80.0,88.0,83.0,70.0,9843.82K,3535.85K,334.8,176.94,-16.04
587,PROSTARM.NS,173.05,2687.24K,Producer Manufacturing,Electrical Products,80.0,71.0,35.0,,1150.32K,2424.07K,253.49,108.0,-31.73
588,LATENTVIEW.NS,498.35,623.99K,Commercial Services,Miscellaneous Commercial Services,80.0,93.0,86.0,80.0,594.91K,1189.46K,520.25,341.2,-4.21
590,IFBIND.NS,1671.5,18.72K,Consumer Durables,Electronics/Appliances,80.0,13.0,81.0,79.0,64.56K,24.95K,2019.8,1060.0,-17.24
591,STEELCAS.NS,220.2,236.47K,Non-Energy Minerals,Steel,80.0,53.0,69.0,68.0,154.95K,55.65K,255.8,142.11,-13.92
593,TNPETRO.NS,104.52,188.98K,Process Industries,Chemicals: Specialty,80.0,22.0,56.0,80.0,399.57K,337.90K,129.89,63.8,-19.53
597,AVALON.NS,968.7,105.37K,Electronic Technology,Electronic Production Equipment,80.0,5.0,83.0,74.0,363.03K,148.11K,1318.0,598.0,-26.5
598,CPEDU.NS,279.05,4.00K,Commercial Services,Miscellaneous Commercial Services,80.0,14.0,,,42.30K,10.02K,338.75,217.61,-17.62
600,ETHOSLTD.NS,3052.1,40.79K,Retail Trade,Catalog/Specialty Distribution,80.0,83.0,91.0,66.0,33.89K,35.20K,3330.15,2000.0,-8.35
601,BLSE.NS,222.16,543.28K,Technology Services,Internet Software/Services,80.0,96.0,88.0,66.0,663.33K,898.39K,232.5,131.31,-4.45
602,WEL.NS,177.7,599.25K,Electronic Technology,Electronic Equipment/Instruments,80.0,95.0,91.0,55.0,408.18K,766.97K,200.0,123.15,-11.15
603,ARMANFIN.NS,1638.1,18.70K,Finance,Finance/Rental/Leasing,80.0,70.0,86.0,62.0,25.31K,45.88K,1834.6,1110.0,-10.71
604,AXISBANK.NS,1279.7,3093.52K,Finance,Major Banks,80.0,79.0,87.0,69.0,6791.47K,6109.30K,1304.0,933.5,-1.86
605,TRAVELFOOD.NS,1345.9,106.81K,Consumer Services,Restaurants,79.0,78.0,73.0,,143.04K,114.94K,1445.0,1008.5,-6.86
606,INDIGO.NS,5901.5,273.16K,Transportation,Airlines,79.0,79.0,68.0,72.0,944.04K,647.76K,6232.5,3945.0,-5.31
607,SHREERAMA.NS,53.86,29.91K,Process Industries,Containers/Packaging,79.0,34.0,59.0,84.0,283.89K,69.91K,67.4,30.55,-20.09
608,RNBDENIMS.NS,121.95,148.67K,Process Industries,Textiles,79.0,44.0,,,105.30K,75.42K,155.02,97.55,-21.33
610,RELIANCE.NS,1567.5,8957.22K,Energy Minerals,Oil Refining/Marketing,79.0,83.0,82.0,72.0,10863.92K,11539.50K,1581.3,1114.85,-0.87
613,TBOTEK.NS,1652.3,263.20K,Technology Services,Internet Software/Services,79.0,86.0,86.0,84.0,417.01K,476.48K,1845.55,996.0,-10.47
614,KRBL.NS,408.5,328.29K,Process Industries,Agricultural Commodities/Milling,79.0,87.0,44.0,77.0,1161.20K,2673.32K,495.0,241.25,-17.47
615,MRF.NS,152420.0,3.56K,Consumer Durables,Automotive Aftermarket,79.0,56.0,74.0,71.0,7.14K,6.43K,163600.0,102124.05,-6.83
616,SBILIFE.NS,1966.0,1011.15K,Finance,Life/Health Insurance,79.0,70.0,75.0,70.0,983.92K,928.64K,2086.6,1372.55,-5.78
617,SUBROS.NS,855.5,39.08K,Producer Manufacturing,Industrial Machinery,79.0,3.0,54.0,78.0,294.14K,77.97K,1213.7,518.0,-29.51
618,UPL.NS,758.65,1546.79K,Process Industries,Chemicals: Agricultural,79.0,83.0,71.0,80.0,2363.90K,2468.22K,776.0,493.0,-2.24
619,AIAENG.NS,3862.6,63.94K,Producer Manufacturing,Industrial Machinery,79.0,93.0,89.0,72.0,98.78K,80.41K,3885.7,3001.1,-0.59
620,GPIL.NS,235.2,1285.55K,Non-Energy Minerals,Steel,79.0,9.0,62.0,82.0,3920.92K,3100.68K,290.0,145.75,-18.9
621,TMB.NS,507.35,82.51K,Finance,Regional Banks,79.0,82.0,85.0,75.0,123.44K,121.21K,527.0,401.0,-3.73
622,THOMASCOTT.NS,347.1,40.01K,Consumer Non-Durables,Apparel/Footwear,79.0,11.0,61.0,73.0,45.15K,70.10K,509.0,219.33,-31.81
623,MSPL.NS,36.79,2439.31K,Non-Energy Minerals,Steel,79.0,86.0,84.0,85.0,1324.76K,1910.88K,48.0,21.6,-23.35
624,JSWHL.NS,20228.0,8.16K,Finance,Investment Banks/Brokers,79.0,94.0,83.0,34.0,3.15K,5.86K,27740.0,13401.1,-27.08
625,MSUMI.NS,45.66,2941.03K,Producer Manufacturing,Auto Parts: Oem,79.0,55.0,76.0,79.0,7322.46K,6604.10K,50.54,30.72,-9.66
626,SGIL.NS,553.65,11.57K,Non-Energy Minerals,Steel,79.0,81.0,67.0,73.0,27.06K,35.13K,633.25,342.0,-12.57
627,GINNIFILA.NS,40.05,110.71K,Process Industries,Textiles,79.0,23.0,10.0,67.0,85.97K,110.37K,57.8,19.01,-30.71
628,APARINDS.NS,9159.5,91.73K,Electronic Technology,Electronic Equipment/Instruments,79.0,66.0,85.0,74.0,86.74K,57.71K,11779.9,4308.05,-22.24
631,ICIL.NS,324.35,951.94K,Process Industries,Textiles,79.0,92.0,92.0,64.0,559.39K,375.37K,423.95,213.55,-23.49
633,PIRAMALFIN.NS,1548.7,377.69K,Finance,Finance/Rental/Leasing,79.0,,,,581.21K,500.97K,1784.0,1260.0,-13.19
634,NESCO.NS,1284.0,22.11K,Producer Manufacturing,Industrial Machinery,79.0,47.0,34.0,88.0,98.31K,52.22K,1638.9,842.6,-21.65
639,COROMANDEL.NS,2382.1,475.16K,Process Industries,Chemicals: Specialty,78.0,88.0,66.0,64.0,362.41K,335.18K,2718.9,1596.0,-12.39
641,GPPL.NS,178.72,1651.55K,Transportation,Marine Shipping,78.0,83.0,86.0,76.0,2656.01K,2712.10K,203.0,122.5,-11.96
642,BIOCON.NS,398.35,2397.20K,Health Technology,Pharmaceuticals: Major,78.0,83.0,81.0,79.0,3171.66K,3669.09K,424.95,291.0,-6.26
645,DELHIVERY.NS,426.2,1761.23K,Transportation,Air Freight/Couriers,78.0,25.0,32.0,79.0,3198.28K,2301.61K,490.0,236.53,-13.02
646,SYSTMTXC.NS,163.15,81.37K,Finance,Investment Banks/Brokers,78.0,71.0,,,175.54K,137.25K,177.9,126.1,-8.29
647,STEL.NS,494.95,16.44K,Finance,Financial Conglomerates,78.0,94.0,76.0,77.0,12.35K,16.95K,598.0,310.1,-17.23
648,AJMERA.NS,1020.1,18.06K,Finance,Real Estate Development,78.0,61.0,83.0,80.0,84.41K,41.66K,1224.9,681.55,-16.72
649,3MINDIA.NS,34840.0,2.17K,Producer Manufacturing,Industrial Conglomerates,78.0,93.0,80.0,79.0,9.76K,5.26K,37000.0,25718.15,-5.84
650,BDL.NS,1513.6,540.64K,Electronic Technology,Aerospace & Defense,78.0,70.0,70.0,12.0,1389.85K,1821.30K,2096.6,907.0,-27.81
651,KTKBANK.NS,212.13,8370.65K,Finance,Regional Banks,78.0,94.0,87.0,69.0,4299.14K,18352.30K,231.0,162.2,-8.17
654,BLISSGVS.NS,165.98,794.45K,Health Technology,Pharmaceuticals: Major,78.0,85.0,72.0,83.0,1148.31K,944.23K,190.97,108.12,-13.09
655,MIRZAINT.NS,38.59,180.46K,Consumer Non-Durables,Apparel/Footwear,78.0,78.0,86.0,82.0,458.02K,404.35K,44.64,25.03,-13.55
658,INDIACEM.NS,392.8,183.08K,Non-Energy Minerals,Construction Materials,78.0,71.0,64.0,77.0,542.71K,385.75K,430.45,238.85,-8.75
659,JSWSTEEL.NS,1160.3,1243.02K,Non-Energy Minerals,Steel,78.0,53.0,80.0,77.0,1473.90K,1466.41K,1223.9,880.0,-5.2
660,ADVANCE.NS,125.85,237.10K,Process Industries,Chemicals: Agricultural,78.0,36.0,,,1486.09K,1142.98K,154.0,102.0,-18.28
661,SCI.NS,231.8,2957.59K,Transportation,Air Freight/Couriers,78.0,20.0,76.0,76.0,7331.74K,3942.48K,280.5,138.26,-17.36
662,FINOPB.NS,318.25,3291.64K,Finance,Regional Banks,78.0,85.0,80.0,86.0,585.12K,1935.25K,372.2,200.0,-14.49
663,RAJRATAN.NS,433.95,87.72K,Producer Manufacturing,Metal Fabrication,78.0,86.0,93.0,67.0,389.17K,171.40K,522.0,260.0,-16.87
664,NUVAMA.NS,7462.5,218.08K,Finance,Investment Managers,78.0,74.0,81.0,69.0,138.98K,101.67K,8508.5,4735.45,-12.29
665,AETHER.NS,877.2,166.01K,Process Industries,Chemicals: Major Diversified,78.0,94.0,85.0,78.0,268.17K,818.91K,938.5,725.0,-6.53
666,GESHIP.NS,1106.9,225.43K,Transportation,Marine Shipping,78.0,77.0,85.0,79.0,453.51K,232.95K,1179.0,797.5,-6.12
667,INDUSTOWER.NS,401.05,2277.68K,Finance,Finance/Rental/Leasing,78.0,88.0,84.0,65.0,8239.62K,4329.95K,430.0,312.55,-6.73
671,STYLAMIND.NS,2069.6,78.54K,Non-Energy Minerals,Forest Products,77.0,70.0,87.0,83.0,88.25K,125.82K,2661.9,1464.25,-22.25
672,EUREKAFORB.NS,651.1,4751.39K,Consumer Durables,Electronics/Appliances,77.0,92.0,82.0,60.0,187.64K,266.42K,668.3,461.5,-2.57
673,INDORAMA.NS,51.24,341.19K,Process Industries,Textiles,77.0,1.0,63.0,74.0,508.92K,572.60K,75.0,32.0,-31.68
674,TARACHAND.NS,76.38,54.43K,Finance,Finance/Rental/Leasing,77.0,21.0,74.0,85.0,413.85K,130.68K,103.67,46.5,-26.32
675,BAJAJINDEF.NS,335.5,3.93K,Producer Manufacturing,Trucks/Construction/Farm Machinery,77.0,18.0,40.0,88.0,31.26K,15.44K,580.25,199.24,-42.18
677,VIMTALABS.NS,609.05,90.00K,Commercial Services,Miscellaneous Commercial Services,77.0,28.0,38.0,82.0,1467.85K,138.05K,902.65,391.85,-32.53
678,RELTD.NS,150.71,74.72K,Utilities,Alternative Power Generation,77.0,75.0,75.0,66.0,241.32K,289.24K,191.77,93.41,-21.41
683,TEGA.NS,1935.6,112.17K,Distribution Services,Wholesale Distributors,77.0,73.0,69.0,78.0,348.84K,113.98K,2125.0,1200.05,-8.91
684,ORBTEXP.NS,204.48,11.53K,Process Industries,Textiles,77.0,27.0,75.0,79.0,41.20K,11.32K,306.29,138.7,-33.24
686,HDFCAMC.NS,2673.0,298.01K,Finance,Investment Managers,77.0,69.0,53.0,73.0,817.32K,697.94K,2967.25,1781.53,-9.92
687,MINDACORP.NS,581.25,253.22K,Producer Manufacturing,Auto Parts: Oem,77.0,77.0,83.0,73.0,1005.36K,262.57K,619.95,445.05,-6.24
688,360ONE.NS,1183.2,1175.56K,Finance,Investment Managers,77.0,82.0,80.0,76.0,786.05K,1105.11K,1318.0,790.5,-10.23
691,ATLANTAELE.NS,944.6,38.10K,Producer Manufacturing,Electrical Products,77.0,57.0,,,726.06K,142.09K,1097.85,782.1,-13.96
693,XELPMOC.NS,118.93,30.47K,Technology Services,Information Technology Services,77.0,33.0,89.0,79.0,43.62K,45.90K,155.5,80.21,-23.52
694,RAMKY.NS,593.45,34.88K,Industrial Services,Engineering & Construction,77.0,38.0,75.0,82.0,279.78K,70.75K,705.0,402.25,-15.82
698,ADANIGREEN.NS,1048.2,1626.44K,Utilities,Electric Utilities,77.0,34.0,81.0,63.0,3909.73K,1961.47K,1447.7,758.0,-27.6
699,MAHLIFE.NS,419.4,496.88K,Finance,Real Estate Development,77.0,87.0,86.0,83.0,208.14K,177.39K,517.0,278.7,-18.88
701,SHRIPISTON.NS,2611.7,13.58K,Producer Manufacturing,Auto Parts: Oem,76.0,54.0,64.0,71.0,49.82K,30.76K,2785.0,1662.55,-6.22
702,SAILIFE.NS,884.4,228.67K,Commercial Services,Miscellaneous Commercial Services,76.0,54.0,73.0,78.0,535.69K,282.20K,943.0,636.1,-6.21
703,POLYCAB.NS,7470.0,223.70K,Producer Manufacturing,Electrical Products,76.0,50.0,70.0,82.0,230.50K,179.82K,7903.0,4555.0,-5.48
704,GCSL.NS,362.97,11.59K,Finance,Investment Banks/Brokers,76.0,98.0,,,155.14K,90.99K,389.4,213.15,-6.79
706,HUDCO.NS,239.28,3542.54K,Finance,Finance/Rental/Leasing,76.0,69.0,83.0,57.0,4323.41K,6008.69K,262.7,158.85,-8.92
707,KEYFINSERV.NS,284.9,3.37K,Finance,Investment Banks/Brokers,76.0,30.0,79.0,44.0,21.59K,9.27K,479.0,170.1,-40.52
708,COFORGE.NS,1908.7,1344.10K,Technology Services,Information Technology Services,76.0,83.0,77.0,73.0,1622.82K,1390.58K,2005.36,1194.01,-4.82
709,AVL.NS,523.85,118.11K,Retail Trade,Electronics/Appliance Stores,76.0,30.0,70.0,84.0,803.65K,167.19K,598.7,327.6,-12.5
711,LTIM.NS,6096.5,399.38K,Technology Services,Data Processing Services,76.0,86.0,85.0,80.0,269.33K,319.80K,6767.95,3802.0,-9.92
715,PREMEXPLN.NS,530.3,187.41K,Process Industries,Chemicals: Specialty,76.0,12.0,69.0,42.0,1116.40K,409.41K,684.0,309.15,-22.47
716,GOKEX.NS,927.5,288.88K,Consumer Non-Durables,Apparel/Footwear,76.0,83.0,92.0,46.0,561.03K,317.25K,1262.15,668.1,-26.51
717,PERSISTENT.NS,6353.0,208.77K,Technology Services,Information Technology Services,76.0,85.0,85.0,74.0,497.61K,460.92K,6788.9,4148.95,-6.42
720,PARADEEP.NS,158.59,3536.02K,Process Industries,Chemicals: Agricultural,76.0,36.0,4.0,43.0,8252.05K,3244.14K,234.39,83.25,-32.34
721,LT.NS,4069.6,1318.05K,Industrial Services,Engineering & Construction,76.0,76.0,80.0,72.0,1735.31K,1611.68K,4140.0,2965.3,-1.7
722,NKIND.NS,70.18,0.85K,Process Industries,Agricultural Commodities/Milling,76.0,78.0,70.0,71.0,5.29K,0.37K,98.4,50.15,-28.68
727,NURECA.NS,289.6,35.67K,Health Technology,Medical Specialties,76.0,89.0,86.0,77.0,59.80K,7.30K,447.5,203.62,-35.28
728,HYUNDAI.NS,2326.0,401.98K,Consumer Durables,Motor Vehicles,76.0,55.0,43.0,83.0,918.98K,792.16K,2890.0,1541.7,-19.52
729,SAIL.NS,134.91,12332.62K,Non-Energy Minerals,Steel,76.0,64.0,80.0,65.0,18697.92K,17311.19K,145.9,99.15,-7.53
730,PPAP.NS,237.65,13.97K,Producer Manufacturing,Auto Parts: Oem,76.0,12.0,75.0,59.0,55.38K,32.07K,294.79,154.05,-19.38
731,KAYA.NS,399.2,3.11K,Consumer Non-Durables,Household/Personal Care,76.0,38.0,48.0,76.0,10.32K,11.92K,487.9,204.43,-18.18
