IndustryRank,Ticker,Price,Sector,Industry,RS Percentile,1M_RS Percentile,3M_RS Percentile,6M_RS Percentile,ATR,ADR,AvgVol10,52WKH,52WKL,MCAP,SMA50,SMA200,SMA10W,SMA30W
1,CIL.BO,288.5,Commercial Services,Advertising/Marketing Services,93.0,91.0,58.0,52.0,3.5143,0.1429,0.70K,307.0,78.72,4.05B,242.48,259.09,245.1,259.12
2,SIGNPOST.NS,320.1,Commercial Services,Advertising/Marketing Services,83.0,88.0,81.0,90.0,19.3929,18.9679,3417.05K,325.0,191.41,17.11B,277.97,245.59,280.68,247.33
3,BRIGHT.BO,375.0,Commercial Services,Advertising/Marketing Services,47.0,42.0,14.0,47.0,5.9929,5.2786,13.12K,450.0,310.05,8.18B,377.59,387.36,377.14,391.65
4,RKSWAMY.NS,101.33,Commercial Services,Advertising/Marketing Services,31.0,42.0,66.0,30.0,5.1486,4.9171,128.15K,182.0,67.15,5.11B,97.71,108.89,98.78,98.59
5,EMIAC.BO,93.01,Commercial Services,Advertising/Marketing Services,21.0,19.0,,,2.14,1.8771,15.20K,121.0,90.55,1.14B,100.39,,98.96,
1,MTARTECH.NS,6938.5,Electronic Technology,Aerospace & Defense,97.0,15.0,94.0,97.0,376.8929,341.5,189.58K,8714.0,1390.5,213.43B,7341.63,4078.44,7467.7,4842.42
2,AEQUS.NS,258.07,Electronic Technology,Aerospace & Defense,93.0,96.0,96.0,94.0,14.4636,14.1857,13583.92K,274.39,113.3,169.00B,206.8,,212.66,166.07
3,IDEAFORGE.NS,857.9,Electronic Technology,Aerospace & Defense,93.0,7.0,96.0,94.0,40.5357,39.5536,193.16K,992.25,366.0,37.23B,836.6,552.26,850.36,580.54
4,PARAS.NS,1216.8,Electronic Technology,Aerospace & Defense,92.0,87.0,95.0,94.0,73.4393,72.6679,3605.65K,1443.0,580.5,98.06B,1014.0,770.39,1046.19,802.88
5,KRISHNADEF.NS,1314.3,Electronic Technology,Aerospace & Defense,88.0,66.0,87.0,91.0,66.0643,64.5571,328.14K,1400.0,665.0,19.63B,1196.09,965.14,1204.3,1040.43
1,APOLLOIN.BO,100.37,Process Industries,Agricultural Commodities/Milling,98.0,97.0,98.0,98.0,1.7429,0.27,6.47K,100.37,5.16,1.04B,67.0,25.46,69.99,34.43
2,INTEGFD.BO,148.75,Process Industries,Agricultural Commodities/Milling,97.0,60.0,95.0,98.0,7.1964,7.075,2.97K,155.0,20.71,2.78B,135.93,66.0,139.34,81.17
3,SBECSUG.BO,68.67,Process Industries,Agricultural Commodities/Milling,95.0,83.0,97.0,96.0,4.0829,2.2971,21.66K,88.84,26.85,3.27B,50.49,36.46,52.56,37.83
4,KANELIND.BO,52.14,Process Industries,Agricultural Commodities/Milling,94.0,93.0,98.0,91.0,0.5064,0.0,0.78K,52.14,10.0,821.20M,37.81,30.1,39.72,29.16
5,CIANAGRO.BO,1614.4,Process Industries,Agricultural Commodities/Milling,94.0,81.0,97.0,73.0,94.6572,73.0929,96.20K,3633.15,385.1,45.18B,1653.81,1534.56,1679.6,1373.77
1,NATHUEC.BO,33.4,Transportation,Air Freight/Couriers,97.0,7.0,98.0,97.0,1.0621,0.79,4.52K,39.68,7.52,138.45M,31.88,17.3,32.85,19.59
2,DESIFARMS.BO,640.95,Transportation,Air Freight/Couriers,95.0,50.0,11.0,17.0,10.7643,9.9571,0.21K,793.05,136.6,634.28M,628.72,618.35,629.01,696.17
3,MAHESHWARI.NS,73.14,Transportation,Air Freight/Couriers,88.0,65.0,91.0,90.0,2.6614,2.6607,25.49K,75.5,39.04,2.16B,63.42,52.62,64.82,51.85
4,GLOBALLOG.BO,133.0,Transportation,Air Freight/Couriers,86.0,5.0,65.0,90.0,1.0107,0.2607,0.89K,172.91,79.2,1.92B,138.52,,141.51,
5,RAPID.BO,132.5,Transportation,Air Freight/Couriers,86.0,39.0,11.0,91.0,0.0,0.0,0.53K,147.0,62.0,504.98M,133.29,114.49,132.56,129.52
1,AFCOM.BO,1378.95,Transportation,Airlines,92.0,98.0,95.0,90.0,71.725,70.6571,133.40K,1439.0,637.85,39.57B,1043.25,874.06,1076.94,894.37
2,TAALTECH.NS,3838.1,Transportation,Airlines,81.0,82.0,,,220.55,215.4214,6.55K,4096.0,2616.1,,3243.25,,3326.71,
3,INDIGO.NS,5229.5,Transportation,Airlines,57.0,85.0,67.0,57.0,126.8357,114.7143,1564.11K,6232.5,3895.2,2022.07B,4714.52,4985.37,4799.97,4691.8
1,CLEANMAX.NS,1327.1,Utilities,Alternative Power Generation,90.0,71.0,90.0,,83.75,80.0857,251.50K,1536.0,727.1,155.38B,1246.24,,1248.44,
2,ADANIGREEN.NS,1486.6,Utilities,Alternative Power Generation,87.0,29.0,91.0,89.0,47.9,47.3357,2670.87K,1589.1,765.0,2448.69B,1448.68,1114.11,1465.52,1133.97
3,SUGSLLOYD.BO,144.15,Utilities,Alternative Power Generation,81.0,87.0,72.0,85.0,6.4357,6.1321,66.44K,148.7,82.5,3.35B,127.38,109.81,126.77,112.52
4,RELTD.NS,179.01,Utilities,Alternative Power Generation,79.0,96.0,77.0,69.0,10.3736,10.3186,1017.91K,196.45,114.59,35.54B,142.33,148.45,146.04,144.87
5,INOXGREEN.NS,192.7,Utilities,Alternative Power Generation,67.0,76.0,78.0,39.0,7.4,7.165,1486.58K,279.0,132.58,77.37B,187.35,193.48,188.07,177.17
1,ARFIN.NS,88.54,Non-Energy Minerals,Aluminum,89.0,57.0,57.0,79.0,4.8193,4.69,2355.86K,106.2,31.43,14.94B,91.82,74.11,91.85,82.96
2,HRS.BO,250.0,Non-Energy Minerals,Aluminum,88.0,66.0,35.0,92.0,2.4643,2.3179,49.29K,292.6,126.0,4.82B,236.45,,237.76,223.71
3,NATIONALUM.NS,349.5,Non-Energy Minerals,Aluminum,77.0,10.0,6.0,65.0,11.9893,10.1107,14152.61K,445.15,179.93,641.90B,385.59,335.64,381.71,373.84
4,HINDALUMI.BO,96.9,Non-Energy Minerals,Aluminum,63.0,15.0,12.0,45.0,3.6357,3.55,5.22K,162.55,57.25,610.49M,103.29,90.42,103.36,102.01
5,ALUFLUOR.BO,456.2,Non-Energy Minerals,Aluminum,57.0,43.0,33.0,62.0,15.9607,15.7607,6.53K,615.0,377.6,3.57B,495.27,454.96,491.68,465.39
1,VIVAA.BO,88.74,Consumer Non-Durables,Apparel/Footwear,96.0,98.0,98.0,96.0,2.2871,1.0479,8.00K,88.74,31.84,349.41M,52.08,42.41,55.17,42.72
2,RACHIT.BO,204.0,Consumer Non-Durables,Apparel/Footwear,92.0,62.0,96.0,91.0,4.525,3.8107,4.67K,222.1,83.35,1.01B,190.85,141.76,194.3,151.51
3,SPAL.NS,1178.6,Consumer Non-Durables,Apparel/Footwear,90.0,97.0,91.0,92.0,84.4964,83.3179,410.31K,1221.9,600.0,29.63B,891.02,764.14,918.66,782.7
4,IRISDOREME.NS,44.85,Consumer Non-Durables,Apparel/Footwear,85.0,92.0,83.0,77.0,2.2686,2.2686,916.15K,45.9,26.35,7.65B,38.1,34.4,38.52,35.0
5,BIZOTIC.BO,645.0,Consumer Non-Durables,Apparel/Footwear,85.0,3.0,1.0,12.0,31.4857,28.0143,6.09K,1053.0,212.2,6.22B,753.41,826.78,737.77,869.96
1,MEESHO.NS,190.69,Retail Trade,Apparel/Footwear Retail,68.0,84.0,74.0,55.0,7.565,7.5629,22488.38K,254.4,125.56,881.39B,185.08,,184.32,172.72
2,V2RETAIL.NS,221.13,Retail Trade,Apparel/Footwear Retail,61.0,13.0,58.0,38.0,9.3221,9.3221,1727.24K,259.25,158.56,80.63B,228.58,217.03,229.23,212.1
3,REDTAPE.NS,134.33,Retail Trade,Apparel/Footwear Retail,60.0,44.0,61.0,65.0,4.1829,4.1271,387.07K,163.5,107.53,74.26B,134.27,128.93,135.0,125.88
4,STYLEBAAZA.NS,305.55,Retail Trade,Apparel/Footwear Retail,57.0,15.0,42.0,67.0,15.7714,8.7464,377.69K,427.0,229.95,22.80B,342.93,316.98,340.97,316.52
5,SREEL.NS,211.3,Retail Trade,Apparel/Footwear Retail,50.0,70.0,56.0,46.0,7.5407,7.3657,5.73K,258.0,165.25,4.89B,198.18,208.79,200.72,200.05
1,OMAXAUTO.NS,230.72,Producer Manufacturing,Auto Parts: Oem,96.0,68.0,97.0,96.0,10.5857,10.3843,49.71K,263.4,84.5,4.95B,222.24,136.74,227.72,146.67
2,SEDEMAC.NS,2803.6,Producer Manufacturing,Auto Parts: Oem,94.0,69.0,92.0,,137.5642,134.6571,163.60K,2977.7,1413.1,123.83B,2393.05,,2431.15,
3,SANSERA.NS,3142.0,Producer Manufacturing,Auto Parts: Oem,93.0,67.0,86.0,94.0,115.5572,114.5,245.71K,3339.0,1216.3,196.07B,2846.4,2100.48,2896.44,2347.35
4,RML.NS,1277.3,Producer Manufacturing,Auto Parts: Oem,91.0,96.0,95.0,92.0,60.8929,60.4536,124.55K,1323.9,608.5,35.30B,983.44,835.74,1011.59,853.12
5,NRBBEARING.NS,422.65,Producer Manufacturing,Auto Parts: Oem,90.0,26.0,94.0,90.0,20.1429,19.9321,916.64K,467.6,212.55,40.96B,385.99,299.73,392.35,306.81
1,TRITONV.BO,1065.8,Consumer Durables,Automotive Aftermarket,86.0,57.0,78.0,86.0,48.2107,47.3214,2.05K,1250.2,630.5,5.46B,1044.49,847.38,1060.65,893.31
2,TVSSRICHAK.NS,4143.7,Consumer Durables,Automotive Aftermarket,66.0,60.0,61.0,52.0,122.4642,122.15,4.88K,4775.8,2780.1,31.73B,3952.31,3986.81,3963.04,3932.29
3,CEATLTD.NS,3908.5,Consumer Durables,Automotive Aftermarket,63.0,92.0,57.0,59.0,110.8714,108.05,251.42K,4438.0,3000.5,157.67B,3374.55,3643.69,3420.73,3589.1
4,BENGALASM.NS,6330.0,Consumer Durables,Automotive Aftermarket,62.0,23.0,,,148.0,141.5357,0.21K,7268.0,5845.85,,6486.89,,6536.5,
5,MODIRUBBER.NS,132.09,Consumer Durables,Automotive Aftermarket,61.0,62.0,58.0,47.0,4.1271,3.9214,2.24K,167.5,98.41,3.31B,131.38,122.93,131.37,125.85
1,RADICO.NS,4089.0,Consumer Non-Durables,Beverages: Alcoholic,88.0,86.0,89.0,77.0,91.5214,90.3714,500.86K,4161.8,2500.0,547.85B,3620.81,3156.14,3666.88,3161.44
2,ABDL.NS,666.6,Consumer Non-Durables,Beverages: Alcoholic,85.0,84.0,90.0,68.0,23.6857,23.55,824.32K,711.7,382.1,186.45B,593.1,554.82,604.17,536.92
3,GMBREW.NS,965.55,Consumer Non-Durables,Beverages: Alcoholic,62.0,72.0,15.0,18.0,29.3857,29.2393,75.60K,1328.8,666.05,22.06B,928.99,997.13,927.07,989.17
4,TI.NS,447.0,Consumer Non-Durables,Beverages: Alcoholic,61.0,49.0,42.0,51.0,10.725,10.5,517.24K,549.7,337.0,110.49B,441.42,451.48,440.85,442.71
5,UNITDSPR.NS,1381.2,Consumer Non-Durables,Beverages: Alcoholic,57.0,76.0,50.0,46.0,31.1,28.9929,1150.83K,1488.0,1210.8,1004.69B,1309.7,1352.89,1315.26,1335.07
1,VBL.NS,481.4,Consumer Non-Durables,Beverages: Non-Alcoholic,62.0,10.0,64.0,50.0,12.75,12.1964,5105.17K,555.8,381.0,1628.32B,515.8,473.5,515.99,476.25
2,ORIBEVER.BO,183.9,Consumer Non-Durables,Beverages: Non-Alcoholic,23.0,41.0,9.0,55.0,11.4,10.8357,1.71K,291.25,157.0,397.50M,199.01,204.85,196.93,202.73
3,VALENCIA.BO,54.8,Consumer Non-Durables,Beverages: Non-Alcoholic,22.0,19.0,20.0,14.0,4.0443,2.82,7.83K,97.1,47.0,1.09B,65.28,68.6,64.0,63.69
1,RUBICON.NS,1407.2,Health Technology,Biotechnology,95.0,89.0,94.0,96.0,60.5286,58.85,281.09K,1468.7,570.75,231.84B,1176.29,,1186.27,905.19
2,TITANBIO.BO,390.7,Health Technology,Biotechnology,95.0,9.0,3.0,94.0,17.4286,16.9643,33.33K,555.65,82.31,16.14B,435.86,307.04,430.51,353.2
3,AKUMS.NS,658.2,Health Technology,Biotechnology,84.0,89.0,79.0,88.0,20.3393,20.3393,332.92K,676.0,409.3,100.77B,572.85,489.04,579.43,508.75
4,ANL.BO,259.3,Health Technology,Biotechnology,83.0,43.0,76.0,,6.975,3.6,6.67K,300.0,150.1,1.88B,262.91,,263.52,
5,FERMENTA.NS,401.65,Health Technology,Biotechnology,79.0,87.0,,,23.8321,22.5214,444.52K,415.0,248.85,,322.98,,330.02,
1,ZEEL.NS,99.79,Consumer Services,Broadcasting,53.0,14.0,80.0,67.0,4.6364,4.5486,30827.79K,146.99,68.0,95.85B,99.34,94.36,101.32,90.58
2,TVTODAY.NS,122.92,Consumer Services,Broadcasting,36.0,79.0,61.0,28.0,6.2907,6.2907,188.69K,176.55,93.5,7.33B,115.31,126.42,117.09,119.41
3,NDTV.NS,82.7,Consumer Services,Broadcasting,20.0,47.0,63.0,22.0,2.4464,2.4264,178.40K,155.5,58.75,9.33B,80.2,85.97,80.87,81.68
4,SUNTV.NS,499.25,Consumer Services,Broadcasting,20.0,30.0,6.0,28.0,10.825,10.825,257.36K,660.7,480.2,196.75B,523.52,560.82,517.77,561.01
5,ENIL.NS,105.5,Consumer Services,Broadcasting,17.0,11.0,25.0,41.0,4.0029,4.0021,59.48K,174.58,98.57,5.03B,111.48,119.22,110.96,110.93
1,JNKINDIA.NS,509.45,Producer Manufacturing,Building Products,94.0,64.0,95.0,95.0,29.1286,29.0,827.25K,534.0,200.92,28.51B,425.11,301.45,432.81,311.71
2,IKOMA.BO,68.4,Producer Manufacturing,Building Products,91.0,83.0,97.0,96.0,3.9207,3.6386,133.96K,92.0,13.81,1.59B,63.61,48.16,64.97,40.62
3,LTELEVATOR.BO,246.1,Producer Manufacturing,Building Products,89.0,57.0,89.0,69.0,10.7429,10.0607,60.53K,275.0,125.33,4.72B,228.12,,232.59,202.01
4,MSAFE.BO,195.95,Producer Manufacturing,Building Products,88.0,89.0,92.0,,12.9214,12.5321,43.55K,218.85,102.0,4.00B,164.69,,165.85,
5,FABCLEAN.BO,380.0,Producer Manufacturing,Building Products,81.0,27.0,91.0,75.0,11.9893,10.5321,4.93K,470.0,203.25,4.68B,367.92,321.77,369.35,307.25
1,NDLVENTURE.NS,130.34,Consumer Services,Cable/Satellite Tv,87.0,43.0,43.0,89.0,4.4793,4.4793,16.48K,140.0,62.21,4.39B,127.96,105.54,129.46,113.49
2,DEN.NS,28.41,Consumer Services,Cable/Satellite Tv,32.0,62.0,51.0,36.0,1.2343,1.2321,882.98K,42.6,22.52,13.54B,28.23,29.8,28.55,28.43
1,ETHOSLTD.NS,2526.4,Retail Trade,Catalog/Specialty Distribution,44.0,62.0,47.0,27.0,76.0214,75.9071,18.47K,3245.9,1919.4,67.60B,2399.67,2590.64,2411.0,2478.39
1,KETOMOTORS.BO,252.2,Process Industries,Chemicals: Agricultural,98.0,98.0,98.0,97.0,5.8071,0.0,4.65K,252.2,4.57,17.76B,148.86,105.76,159.64,114.15
2,MBAPL.NS,129.85,Process Industries,Chemicals: Agricultural,87.0,87.0,65.0,90.0,7.0007,7.0007,1556.62K,131.9,74.63,56.89B,111.65,93.74,113.9,98.8
3,KRISHANA.NS,138.15,Process Industries,Chemicals: Agricultural,84.0,51.0,65.0,81.0,8.3279,8.1193,2160.03K,152.3,85.7,42.71B,136.02,112.15,138.02,115.63
4,BHAGCHEM.NS,301.25,Process Industries,Chemicals: Agricultural,80.0,86.0,82.0,84.0,11.2293,11.1286,164.41K,325.0,170.6,39.06B,261.99,236.75,265.79,231.16
5,DEEPAKFERT.NS,1546.2,Process Industries,Chemicals: Agricultural,75.0,50.0,90.0,81.0,48.3929,47.4643,235.79K,1680.0,866.4,195.39B,1452.83,1284.22,1485.01,1226.68
1,SKM.BO,392.0,Process Industries,Chemicals: Major Diversified,96.0,36.0,96.0,97.0,11.9857,10.3571,15.44K,419.0,102.05,4.80B,360.29,,371.67,228.16
2,RPEL.NS,1289.0,Process Industries,Chemicals: Major Diversified,93.0,76.0,96.0,86.0,43.5071,42.3786,100.53K,1330.0,561.3,59.19B,1036.79,851.56,1075.3,853.17
3,AETHER.NS,1485.8,Process Industries,Chemicals: Major Diversified,91.0,95.0,81.0,94.0,65.8357,63.3714,443.92K,1510.0,726.45,197.18B,1197.45,997.06,1208.81,1088.4
4,CHEMBONDCH.NS,231.56,Process Industries,Chemicals: Major Diversified,88.0,96.0,91.0,90.0,12.9693,12.5586,13.81K,253.0,104.85,6.23B,195.45,162.07,198.9,163.89
5,SUNSHIEL.BO,1191.65,Process Industries,Chemicals: Major Diversified,87.0,83.0,90.0,84.0,59.8321,58.0179,2.73K,1299.0,721.05,10.48B,1055.61,935.86,1070.01,916.19
1,SANGINITA.NS,49.61,Process Industries,Chemicals: Specialty,98.0,97.0,97.0,98.0,0.8,0.005,128.15K,49.61,9.09,1.28B,32.9,17.88,34.56,21.41
2,SHENTRA.BO,111.45,Process Industries,Chemicals: Specialty,97.0,95.0,94.0,97.0,0.5993,0.0,0.07K,111.45,16.65,494.63M,91.41,,93.87,67.59
3,CITURGIA.BO,116.4,Process Industries,Chemicals: Specialty,96.0,19.0,2.0,98.0,0.2464,0.0821,0.00K,212.0,31.64,15.38B,111.45,73.79,113.99,94.98
4,TULASEEBIOE.BO,54.88,Process Industries,Chemicals: Specialty,95.0,98.0,98.0,81.0,1.8657,0.1193,1.99K,71.21,17.32,170.79M,38.3,40.4,41.19,34.03
5,GRWRHITECH.NS,6922.0,Process Industries,Chemicals: Specialty,95.0,79.0,95.0,96.0,255.1429,253.7143,58.87K,7117.0,2681.0,160.81B,5983.65,4174.5,6146.05,4474.63
1,SOUTHWEST.NS,230.07,Energy Minerals,Coal,82.0,6.0,37.0,72.0,12.4721,12.4721,337.44K,275.0,121.0,6.86B,241.36,200.6,239.83,214.65
2,REFEX.NS,349.7,Energy Minerals,Coal,78.0,82.0,92.0,87.0,13.7821,13.3929,1049.39K,464.35,188.0,47.99B,308.13,287.37,316.56,260.38
3,COALINDIA.NS,429.9,Energy Minerals,Coal,58.0,12.0,13.0,63.0,7.5464,7.5429,6654.77K,491.25,368.65,2649.36B,454.96,424.08,450.41,440.15
4,BHARATCOAL.NS,37.25,Energy Minerals,Coal,51.0,12.0,55.0,,1.37,1.3571,20955.50K,45.09,29.74,,37.86,,38.76,
5,STRATMONT.BO,57.33,Energy Minerals,Coal,21.0,3.0,9.0,42.0,2.2793,2.1736,0.65K,121.0,45.31,1.63B,65.53,65.44,64.99,63.31
1,DJML.NS,115.05,Commercial Services,Commercial Printing/Forms,82.0,70.0,83.0,92.0,6.3586,6.3586,464.31K,126.96,52.0,4.13B,106.29,87.89,109.02,91.1
2,KIRANPR.BO,30.08,Commercial Services,Commercial Printing/Forms,74.0,60.0,52.0,87.0,0.0,0.0,0.16K,35.06,20.75,150.49M,28.44,26.65,28.69,27.1
3,TCPLPACK.NS,2965.3,Commercial Services,Commercial Printing/Forms,51.0,83.0,69.0,50.0,118.1786,118.1786,8.89K,3950.0,2200.0,26.93B,2733.39,2878.9,2774.88,2707.48
4,INLANPR.BO,52.92,Commercial Services,Commercial Printing/Forms,21.0,43.0,54.0,77.0,1.0786,0.6964,2.06K,131.25,22.01,261.62M,50.21,51.48,50.04,47.82
5,REPRO.NS,362.95,Commercial Services,Commercial Printing/Forms,21.0,46.0,33.0,14.0,11.1036,11.1036,10.63K,590.15,307.05,5.21B,366.32,423.48,365.01,389.9
1,KERNEX.NS,2124.0,Electronic Technology,Computer Communications,94.0,81.0,96.0,93.0,120.9572,117.2786,277.49K,2445.0,850.0,35.69B,1783.92,1316.01,1839.73,1378.65
1,PANACHE.NS,439.85,Electronic Technology,Computer Peripherals,88.0,89.0,86.0,83.0,26.4393,26.1357,23.54K,472.15,202.1,6.70B,379.95,355.85,380.57,336.32
2,NETWEB.NS,4286.5,Electronic Technology,Computer Peripherals,88.0,28.0,77.0,86.0,190.0214,187.5071,1285.69K,5244.0,1802.5,244.08B,4386.2,3674.56,4475.67,3728.62
3,INDTONER.BO,288.35,Electronic Technology,Computer Peripherals,70.0,86.0,68.0,71.0,9.1071,8.7393,10.15K,300.0,215.4,3.00B,263.94,255.56,267.26,251.71
4,CONTROLPR.NS,646.3,Electronic Technology,Computer Peripherals,28.0,72.0,40.0,42.0,26.6821,26.3964,451.80K,917.5,517.0,10.34B,632.45,677.91,634.08,643.97
1,IDM.BO,37.61,Electronic Technology,Computer Processing Hardware,71.0,88.0,30.0,79.0,1.7243,1.6143,0.47K,40.67,23.33,82.74M,32.59,32.36,33.28,32.99
1,GLITTEKG.BO,47.38,Non-Energy Minerals,Construction Materials,97.0,68.0,36.0,98.0,0.7771,0.0071,4.72K,80.2,7.91,1.23B,43.33,31.52,43.44,40.49
2,NEELKAN.BO,42.71,Non-Energy Minerals,Construction Materials,96.0,98.0,97.0,97.0,1.2179,0.3179,8.77K,47.26,13.0,215.42M,29.4,20.49,30.82,22.09
3,SHIVAM.BO,105.0,Non-Energy Minerals,Construction Materials,84.0,45.0,11.0,93.0,2.95,2.2893,9.50K,130.4,57.4,1.78B,107.34,88.6,106.99,97.81
4,RALEGRA.BO,53.81,Non-Energy Minerals,Construction Materials,81.0,14.0,85.0,82.0,1.3879,1.2293,0.11K,75.99,31.0,569.63M,51.47,45.3,53.07,46.45
5,RAMCOIND.NS,369.0,Non-Energy Minerals,Construction Materials,78.0,91.0,85.0,74.0,17.4429,16.5357,3771.18K,398.05,230.65,32.04B,300.72,306.75,307.14,295.6
1,WELSPUNLIV.NS,166.53,Consumer Non-Durables,Consumer Sundries,83.0,86.0,83.0,79.0,5.705,5.6236,2742.78K,173.4,107.1,156.78B,147.43,132.68,150.07,134.06
2,BIL.NS,725.9,Consumer Non-Durables,Consumer Sundries,44.0,63.0,22.0,52.0,44.175,43.9214,13.24K,984.75,602.0,9.73B,735.09,770.61,737.99,747.99
3,LINC.NS,104.55,Consumer Non-Durables,Consumer Sundries,29.0,66.0,35.0,43.0,6.0936,5.8486,59.52K,149.7,85.01,6.22B,103.28,110.58,103.57,105.12
4,RADIXIND.BO,158.95,Consumer Non-Durables,Consumer Sundries,23.0,4.0,2.0,27.0,10.05,7.5714,0.32K,226.4,152.05,2.39B,181.06,184.89,179.0,185.06
5,GPSL.BO,106.6,Consumer Non-Durables,Consumer Sundries,0.0,65.0,0.0,0.0,4.4786,3.2036,3.53K,365.0,86.7,797.37M,139.75,222.2,133.35,190.08
1,KALYANI.BO,753.6,Process Industries,Containers/Packaging,86.0,95.0,75.0,91.0,30.025,22.6321,18.89K,815.0,438.65,5.41B,639.44,554.82,644.61,563.41
2,HALDYNGL.NS,118.96,Process Industries,Containers/Packaging,83.0,25.0,,,6.1193,6.0043,28.84K,133.7,85.0,,114.75,,116.72,
3,COMSYN.NS,190.87,Process Industries,Containers/Packaging,80.0,87.0,70.0,84.0,14.7221,14.7221,1508.42K,213.0,124.81,7.70B,161.94,155.92,165.24,160.0
4,BOROSCI.NS,158.31,Process Industries,Containers/Packaging,77.0,56.0,83.0,86.0,7.8407,7.8007,875.82K,190.79,96.64,14.08B,144.89,126.1,146.63,123.23
5,ARROWGREEN.NS,688.5,Process Industries,Containers/Packaging,76.0,84.0,74.0,85.0,27.0143,26.4714,27.46K,817.95,341.95,10.39B,559.97,517.23,568.08,497.85
1,JINDRILL.NS,620.75,Industrial Services,Contract Drilling,66.0,47.0,50.0,66.0,19.1679,17.9036,2333.28K,693.5,440.1,17.99B,588.91,547.73,591.86,536.18
1,RELIABLE.NS,145.24,Technology Services,Data Processing Services,82.0,54.0,72.0,57.0,6.3543,6.3543,32.49K,175.0,71.41,1.50B,140.82,139.16,142.11,140.27
2,IRIS.NS,260.5,Technology Services,Data Processing Services,34.0,75.0,43.0,30.0,13.0,12.6786,31.60K,426.95,203.0,5.36B,249.45,277.43,254.57,257.66
3,HGM.NS,49.55,Technology Services,Data Processing Services,17.0,5.0,32.0,11.0,1.7843,1.745,3.26K,82.4,43.6,624.08M,56.41,61.88,56.2,56.72
4,HAPPSTMNDS.NS,365.6,Technology Services,Data Processing Services,12.0,58.0,20.0,17.0,10.4,10.1821,783.27K,646.1,330.2,54.94B,360.57,424.06,361.14,388.0
5,LTM.NS,3854.4,Technology Services,Data Processing Services,9.0,26.0,7.0,3.0,103.9714,99.8143,428.80K,6429.5,3528.0,1142.68B,3982.95,5024.07,3946.68,4703.98
1,SHOPERSTOP.NS,337.5,Retail Trade,Department Stores,28.0,23.0,60.0,34.0,13.6179,13.6179,38.93K,588.75,275.95,37.17B,348.01,386.28,351.26,345.12
1,MEDPLUS.NS,814.7,Retail Trade,Drugstore Chains,47.0,20.0,19.0,53.0,21.0893,21.0893,168.94K,1022.2,732.0,97.83B,866.39,828.48,867.65,848.2
1,ADANIENSOL.NS,1618.5,Utilities,Electric Utilities,91.0,53.0,92.0,91.0,53.9857,53.3,3560.00K,1712.0,744.9,1944.28B,1470.43,1120.04,1480.95,1184.24
2,SGMART.NS,659.8,Utilities,Electric Utilities,90.0,68.0,77.0,93.0,24.3071,24.3071,1052.74K,688.0,313.1,83.16B,593.47,447.63,602.08,492.17
3,ADANIPOWER.NS,216.32,Utilities,Electric Utilities,88.0,24.0,77.0,89.0,5.8707,5.8229,33846.51K,254.2,110.45,4171.67B,226.4,171.87,226.42,179.48
4,NLCINDIA.NS,303.25,Utilities,Electric Utilities,71.0,13.0,50.0,75.0,8.2857,8.2036,2678.97K,387.8,222.0,420.50B,328.52,278.85,328.46,287.19
5,PACEDIGITK.NS,212.36,Utilities,Electric Utilities,70.0,86.0,87.0,70.0,10.6079,9.9614,3447.22K,231.95,139.81,45.84B,191.51,,193.15,180.33
1,INDOSMC.BO,418.2,Producer Manufacturing,Electrical Products,97.0,97.0,98.0,,19.6929,17.225,100.56K,442.0,134.0,9.56B,301.09,,312.78,
2,BHAGYANGR.NS,373.95,Producer Manufacturing,Electrical Products,97.0,90.0,97.0,96.0,21.2357,19.4964,156.29K,432.3,78.32,11.96B,332.23,195.23,333.94,223.64
3,MODINSU.BO,515.75,Producer Manufacturing,Electrical Products,97.0,97.0,96.0,97.0,31.775,30.2536,60.18K,579.0,97.55,24.31B,440.52,260.98,453.73,311.64
4,YASHHV.BO,954.7,Producer Manufacturing,Electrical Products,96.0,94.0,97.0,96.0,48.7821,46.25,151.64K,970.0,366.0,27.31B,774.19,548.38,779.37,571.95
5,HIIL.BO,1284.9,Producer Manufacturing,Electrical Products,96.0,61.0,97.0,97.0,2.6929,0.0,0.09K,1284.9,364.0,9.27B,1211.11,659.83,1229.27,764.15
1,ELPROINTL.NS,173.97,Electronic Technology,Electronic Components,92.0,61.0,,,2.2964,2.2743,52.77K,177.5,102.0,29.48B,163.53,,167.43,
2,CENTUM.NS,3557.9,Electronic Technology,Electronic Components,87.0,67.0,76.0,90.0,143.85,142.5071,41.19K,3916.0,2044.2,52.45B,3344.83,2731.8,3411.6,2849.3
3,UNIVCABLES.NS,1104.0,Electronic Technology,Electronic Components,86.0,9.0,90.0,78.0,70.8429,69.4786,141.85K,1391.0,576.0,38.30B,1140.34,861.64,1145.99,882.99
4,MRTX.BO,403.1,Electronic Technology,Electronic Components,85.0,,,,33.5464,32.9071,223.44K,483.9,283.1,7.05B,,,,
5,BCCFUBA.BO,170.15,Electronic Technology,Electronic Components,72.0,73.0,81.0,50.0,10.2179,10.1536,28.03K,218.85,95.4,3.39B,160.96,163.34,162.42,153.91
1,CNCRD.BO,2815.25,Electronic Technology,Electronic Equipment/Instruments,90.0,33.0,81.0,71.0,115.0,114.6571,5.20K,3069.85,1000.62,28.49B,2742.62,2353.41,2764.88,2513.84
2,APARINDS.NS,14070.0,Electronic Technology,Electronic Equipment/Instruments,89.0,58.0,82.0,92.0,727.8571,714.3571,202.67K,17157.0,6801.0,565.25B,13956.38,10407.51,14100.5,11138.7
3,POWERINDIA.NS,32610.0,Electronic Technology,Electronic Equipment/Instruments,89.0,18.0,75.0,94.0,1408.5714,1252.8571,244.11K,38785.0,16111.0,1453.50B,34518.8,24776.71,34623.0,27109.27
4,SPECTRUM.NS,1907.0,Electronic Technology,Electronic Equipment/Instruments,88.0,82.0,84.0,91.0,125.1143,124.2429,106.16K,2200.0,1050.0,29.97B,1577.63,1368.17,1628.09,1400.45
5,DIGILOGIC.BO,121.6,Electronic Technology,Electronic Equipment/Instruments,88.0,68.0,76.0,,3.3964,3.2357,53.33K,133.9,72.95,3.52B,112.93,,113.6,
1,SELECTRIC.BO,2028.9,Electronic Technology,Electronic Production Equipment,98.0,99.0,,,80.3786,12.8286,17.67K,2028.9,155.1,24.54B,,,,
2,SYRMA.NS,1441.0,Electronic Technology,Electronic Production Equipment,94.0,84.0,94.0,95.0,57.9071,54.25,1390.07K,1517.7,634.5,277.57B,1201.99,902.81,1232.58,948.01
3,AVALON.NS,1728.6,Electronic Technology,Electronic Production Equipment,93.0,65.0,94.0,95.0,81.5214,79.5714,369.31K,1853.0,777.3,115.49B,1543.32,1130.08,1601.03,1173.47
4,APOLLO.NS,398.3,Electronic Technology,Electronic Production Equipment,91.0,27.0,96.0,90.0,22.225,21.9071,21652.69K,466.5,162.34,148.01B,383.28,289.63,388.01,289.46
5,CYIENTDLM.NS,538.3,Electronic Technology,Electronic Production Equipment,87.0,90.0,95.0,82.0,24.0571,23.1214,839.87K,552.0,265.2,42.72B,448.32,404.01,457.75,387.1
1,RPTECH.NS,779.25,Distribution Services,Electronics Distributors,96.0,97.0,96.0,96.0,39.5429,38.925,902.02K,812.85,275.6,51.35B,610.41,420.41,630.02,459.99
2,COLAB.BO,144.7,Distribution Services,Electronics Distributors,90.0,19.0,6.0,11.0,0.3107,0.0,0.14K,204.6,41.46,29.52B,152.26,168.46,151.36,167.63
3,PALREDTEC.NS,55.9,Distribution Services,Electronics Distributors,85.0,92.0,95.0,86.0,0.8193,0.5964,9.98K,73.6,27.45,683.80M,47.95,43.97,49.08,40.98
4,CNL.NS,842.15,Distribution Services,Electronics Distributors,82.0,90.0,82.0,73.0,31.9893,31.95,17.45K,899.0,525.0,12.65B,685.96,670.26,696.6,669.16
5,STARCOM.BO,84.29,Distribution Services,Electronics Distributors,80.0,98.0,92.0,61.0,1.2407,0.5321,0.06K,111.16,44.02,421.50M,57.16,68.84,60.24,65.28
1,ROBU.BO,1122.35,Retail Trade,Electronics/Appliance Stores,89.0,7.0,80.0,90.0,64.2107,62.1214,11.68K,1315.0,572.73,11.63B,1105.57,846.41,1108.8,902.77
2,AVL.NS,632.25,Retail Trade,Electronics/Appliance Stores,85.0,87.0,81.0,82.0,23.4393,23.0714,380.87K,705.0,351.6,81.65B,575.89,527.06,582.9,518.92
3,EMIL.NS,132.01,Retail Trade,Electronics/Appliance Stores,71.0,91.0,82.0,81.0,5.8329,5.7714,2775.06K,168.5,84.9,50.79B,118.32,114.88,120.34,106.0
4,MTL.BO,85.99,Retail Trade,Electronics/Appliance Stores,10.0,9.0,,,3.5093,3.0779,7.73K,127.26,79.4,898.73M,96.36,,95.15,
5,UML.BO,50.02,Retail Trade,Electronics/Appliance Stores,8.0,26.0,23.0,10.0,1.445,0.96,43.55K,121.0,41.75,711.28M,50.93,68.09,50.8,57.0
1,SHARP.BO,117.05,Consumer Durables,Electronics/Appliances,96.0,54.0,98.0,97.0,0.3286,0.1643,7.37K,118.8,36.0,3.02B,106.67,61.94,108.83,67.77
2,CPPLUS.NS,3644.2,Consumer Durables,Electronics/Appliances,96.0,62.0,96.0,97.0,135.3714,134.6786,240.95K,3787.0,1015.0,429.47B,3078.26,1956.77,3159.88,2179.15
3,APIL.BO,47.54,Consumer Durables,Electronics/Appliances,91.0,60.0,41.0,90.0,0.0,0.0,0.18K,47.54,20.0,157.21M,46.27,37.25,46.41,40.12
4,STOVEKRAFT.NS,797.4,Consumer Durables,Electronics/Appliances,84.0,89.0,92.0,87.0,30.5714,30.4464,151.64K,828.0,447.05,26.40B,646.49,596.84,662.67,570.08
5,UNIVPHOTO.NS,356.45,Consumer Durables,Electronics/Appliances,76.0,32.0,15.0,91.0,14.8071,14.675,0.64K,515.8,180.6,3.90B,402.35,325.1,394.04,353.2
1,GVPIL.NS,860.7,Industrial Services,Engineering & Construction,96.0,21.0,96.0,97.0,52.2072,52.175,362.67K,1084.0,270.9,57.86B,835.52,487.79,852.73,556.86
2,CEMPRO.NS,1554.1,Industrial Services,Engineering & Construction,95.0,94.0,98.0,95.0,68.9143,66.2786,803.95K,1597.4,503.3,266.98B,1109.24,810.98,1149.34,812.54
3,KRISHNA.BO,40.0,Industrial Services,Engineering & Construction,95.0,98.0,96.0,96.0,2.885,2.2764,42.24K,51.72,12.44,432.00M,31.8,22.59,33.01,25.97
4,MODISONLTD.NS,290.95,Industrial Services,Engineering & Construction,94.0,7.0,97.0,94.0,17.0214,16.5571,87.70K,362.7,114.0,9.44B,261.27,174.97,268.86,184.47
5,GOELCONS.BO,501.9,Industrial Services,Engineering & Construction,91.0,87.0,94.0,91.0,15.9679,15.1357,18.13K,504.9,249.25,7.25B,391.82,329.17,402.08,333.11
1,BANKA.NS,93.9,Industrial Services,Environmental Services,82.0,66.0,90.0,88.0,3.9793,3.8929,6.94K,97.88,41.0,1.02B,88.09,74.15,88.67,70.6
2,EIEL.NS,228.39,Industrial Services,Environmental Services,69.0,91.0,82.0,68.0,12.14,11.3964,4295.21K,306.4,134.71,40.09B,204.79,201.0,204.6,186.92
3,OML.BO,30.27,Industrial Services,Environmental Services,61.0,98.0,90.0,66.0,1.7764,0.8936,42.13K,85.0,13.75,237.99M,23.52,,24.12,21.61
4,ECORECO.BO,473.0,Industrial Services,Environmental Services,47.0,80.0,49.0,60.0,15.5786,15.225,24.14K,724.0,225.0,9.13B,453.95,459.89,454.08,418.68
5,ORGANICREC.BO,230.25,Industrial Services,Environmental Services,31.0,34.0,24.0,47.0,10.9179,10.55,73.87K,377.0,206.0,2.39B,239.09,244.59,236.16,236.52
1,RANJITSE.BO,57.42,Finance,Finance/Rental/Leasing,98.0,2.0,1.0,98.0,0.3129,0.0886,0.01K,122.1,6.24,154.31M,69.72,,68.54,64.43
2,JLL.BO,144.65,Finance,Finance/Rental/Leasing,97.0,98.0,97.0,97.0,4.7329,0.4764,1.16K,144.65,31.55,435.24M,87.42,60.17,91.39,66.49
3,ASIACAP.BO,83.47,Finance,Finance/Rental/Leasing,97.0,96.0,95.0,98.0,1.8593,0.4807,1.23K,83.47,17.37,258.09M,61.86,32.56,63.61,39.74
4,KREONFIN.BO,76.42,Finance,Finance/Rental/Leasing,96.0,97.0,98.0,96.0,4.1057,4.0507,25.48K,83.0,19.26,1.55B,49.39,37.29,52.04,38.51
5,PAISALO.NS,72.4,Finance,Finance/Rental/Leasing,95.0,89.0,96.0,95.0,2.9786,2.8943,27712.11K,74.9,29.86,65.85B,55.95,41.51,57.77,43.67
1,KARTKIN.BO,9436.0,Finance,Financial Conglomerates,98.0,76.0,98.0,98.0,385.4072,206.4929,0.06K,10741.85,1036.0,2.30B,8563.08,3358.46,8690.74,4293.13
2,SALSAIN.BO,256.25,Finance,Financial Conglomerates,98.0,71.0,0.0,98.0,9.0536,7.6214,0.67K,828.95,14.58,1.79B,264.12,207.28,253.55,293.99
3,EASUN.BO,60.63,Finance,Financial Conglomerates,89.0,96.0,94.0,66.0,0.5736,0.0,0.02K,61.83,33.21,317.05M,46.14,47.64,47.1,46.77
4,LEXGLOBAL.BO,199.0,Finance,Financial Conglomerates,88.0,74.0,92.0,74.0,6.7036,3.7929,0.42K,232.2,80.45,1.99B,180.89,166.93,184.64,155.64
5,SWRNASE.BO,95.0,Finance,Financial Conglomerates,86.0,89.0,50.0,81.0,4.505,3.325,0.02K,101.2,55.6,285.00M,84.0,78.37,85.07,83.24
1,CARERATING.NS,1639.1,Commercial Services,Financial Publishing/Services,50.0,46.0,38.0,56.0,47.4572,47.4572,34.80K,1887.9,1392.7,49.32B,1660.56,1596.74,1668.1,1618.88
2,ICRA.NS,5194.0,Commercial Services,Financial Publishing/Services,25.0,48.0,29.0,25.0,115.8571,115.8571,17.78K,7130.0,4965.5,49.99B,5287.36,5784.59,5296.7,5555.47
1,JETMALL.BO,97.61,Distribution Services,Food Distributors,97.0,97.0,98.0,97.0,2.1143,0.0929,23.33K,97.61,15.71,584.97M,65.11,43.83,68.86,47.48
2,RRMETAL.BO,55.14,Distribution Services,Food Distributors,92.0,96.0,95.0,93.0,1.4336,0.6029,17.39K,63.13,23.8,496.75M,41.51,33.41,43.01,33.57
3,NMSGLOBAL.BO,75.85,Distribution Services,Food Distributors,81.0,5.0,55.0,83.0,6.6179,6.6179,32.18K,103.94,49.16,227.97M,82.56,76.09,82.84,75.7
4,PURETROP.BO,154.7,Distribution Services,Food Distributors,60.0,42.0,4.0,48.0,5.8786,5.475,2.09K,200.0,107.1,1.06B,160.18,161.49,159.66,169.07
5,EMPIND.BO,1012.55,Distribution Services,Food Distributors,57.0,46.0,59.0,58.0,34.65,34.5429,1.97K,1260.0,811.05,6.08B,979.14,964.09,982.56,931.71
1,VPAL.BO,150.15,Retail Trade,Food Retail,76.0,36.0,,,8.3893,8.1357,58.13K,181.75,116.95,2.49B,,,,
2,PATELRMART.NS,220.25,Retail Trade,Food Retail,60.0,63.0,71.0,66.0,9.7764,9.5693,564.05K,305.0,150.25,7.36B,207.27,205.14,209.1,195.11
3,CITYSQUARE.BO,139.5,Retail Trade,Food Retail,48.0,16.0,1.0,64.0,4.0071,1.2107,3.38K,222.2,78.81,1.24B,148.52,157.63,145.95,168.35
4,SPENCERS.NS,34.63,Retail Trade,Food Retail,13.0,31.0,62.0,24.0,1.5879,1.5686,47.78K,64.0,24.38,3.12B,36.52,39.64,36.78,35.43
5,ACML.BO,32.0,Retail Trade,Food Retail,9.0,14.0,9.0,36.0,1.2779,0.6886,4.22K,57.87,30.0,468.28M,33.49,39.42,33.72,35.36
1,APIS.BO,55.89,Consumer Non-Durables,Food: Major Diversified,94.0,9.0,4.0,15.0,2.5821,2.5821,12.45K,110.42,12.98,7.70B,60.7,57.0,60.39,66.37
2,SANSTAR.NS,113.36,Consumer Non-Durables,Food: Major Diversified,78.0,41.0,86.0,77.0,6.3336,6.1764,665.09K,137.49,74.3,22.70B,111.86,95.57,113.91,96.47
3,ZYDUSWELL.NS,571.5,Consumer Non-Durables,Food: Major Diversified,78.0,81.0,57.0,85.0,25.5786,25.4679,2701.49K,606.95,367.55,181.83B,518.56,463.07,522.79,465.63
4,NESTLEIND.NS,1463.2,Consumer Non-Durables,Food: Major Diversified,74.0,59.0,64.0,71.0,28.0857,27.7286,2152.85K,1498.1,1084.7,2821.51B,1427.16,1304.7,1425.98,1330.55
5,IBINFO.BO,36.4,Consumer Non-Durables,Food: Major Diversified,74.0,0.0,1.0,83.0,1.5514,0.8357,3.02K,82.03,16.0,466.18M,51.75,41.75,50.85,49.18
1,SCPL.NS,492.45,Consumer Non-Durables,Food: Meat/Fish/Dairy,92.0,77.0,90.0,91.0,33.4143,32.7107,96.48K,594.85,190.03,5.17B,461.83,328.05,469.36,369.86
2,ESSEX.BO,42.0,Consumer Non-Durables,Food: Meat/Fish/Dairy,83.0,9.0,88.0,92.0,2.1586,2.1586,30.44K,49.3,18.25,641.00M,44.21,31.09,43.57,32.59
3,APEX.NS,388.75,Consumer Non-Durables,Food: Meat/Fish/Dairy,80.0,21.0,30.0,88.0,12.5929,12.5143,101.14K,514.5,208.74,12.15B,430.76,345.98,428.38,382.59
4,KWIL.NS,32.71,Consumer Non-Durables,Food: Meat/Fish/Dairy,75.0,41.0,81.0,,1.365,1.3371,7589.44K,39.45,22.24,76.86B,31.32,,31.77,
5,CHATHA.BO,91.9,Consumer Non-Durables,Food: Meat/Fish/Dairy,56.0,94.0,66.0,68.0,5.7257,5.2129,11.22K,113.0,60.0,2.21B,79.75,82.07,80.43,78.62
1,SHAHFOOD.BO,295.15,Consumer Non-Durables,Food: Specialty/Candy,95.0,98.0,94.0,95.0,11.425,3.4786,1.93K,295.15,97.55,6.88B,189.4,155.08,196.55,169.08
2,NITTAGELA.NS,1928.7,Consumer Non-Durables,Food: Specialty/Candy,95.0,95.0,,,85.5857,84.3714,15.62K,1960.0,882.0,,1518.94,,1576.13,
3,YASHO.NS,3005.0,Consumer Non-Durables,Food: Specialty/Candy,94.0,87.0,96.0,96.0,153.9786,153.9786,34.10K,3180.3,1130.0,36.29B,2341.06,1709.13,2441.07,1756.84
4,ADFFOODS.NS,317.55,Consumer Non-Durables,Food: Specialty/Candy,89.0,78.0,94.0,90.0,15.1321,14.8464,1984.47K,346.95,153.1,34.89B,285.59,226.25,290.08,232.03
5,NGIL.NS,40.98,Consumer Non-Durables,Food: Specialty/Candy,87.0,48.0,90.0,81.0,2.205,2.2007,34.98K,43.89,22.01,730.07M,39.22,31.39,39.62,32.19
1,MEGAMONT.BO,177.25,Non-Energy Minerals,Forest Products,97.0,82.0,78.0,97.0,9.8464,8.6143,0.72K,206.0,31.99,2.64B,161.26,96.83,163.86,117.22
2,STYLAMIND.NS,3154.1,Non-Energy Minerals,Forest Products,91.0,50.0,84.0,88.0,126.8429,126.8429,25.17K,3357.3,1594.1,53.49B,2939.83,2323.26,3006.31,2473.78
3,PREMIERPOL.NS,63.78,Non-Energy Minerals,Forest Products,80.0,84.0,54.0,90.0,3.335,3.2786,154.26K,71.0,38.0,6.68B,58.23,51.0,59.2,54.41
4,ECOBOAR.BO,55.86,Non-Energy Minerals,Forest Products,78.0,27.0,5.0,66.0,4.9179,4.9179,11.93K,77.8,26.5,1.48B,60.45,51.28,59.43,58.15
5,WIPL.NS,172.0,Non-Energy Minerals,Forest Products,67.0,86.0,55.0,72.0,8.4971,8.4907,2.42K,193.2,133.1,1.46B,157.67,156.38,160.03,153.81
1,RAJSEC.BO,58.72,Utilities,Gas Distributors,81.0,92.0,71.0,89.0,0.84,0.6779,479.65K,66.99,29.0,4.51B,48.44,43.47,49.23,43.09
2,ATGL.NS,700.65,Utilities,Gas Distributors,72.0,15.0,79.0,78.0,20.4107,20.4107,1926.83K,859.85,462.8,770.58B,696.74,608.89,703.56,604.31
3,GAIL.NS,170.2,Utilities,Gas Distributors,52.0,49.0,60.0,51.0,3.165,3.1471,6560.05K,188.89,134.36,1119.08B,168.06,167.59,168.29,162.82
4,PETRONET.NS,277.15,Utilities,Gas Distributors,46.0,56.0,44.0,50.0,5.4214,5.1464,2710.48K,326.4,235.35,415.73B,276.45,279.26,275.91,279.71
5,RUDRAGAS.BO,77.7,Utilities,Gas Distributors,45.0,23.0,45.0,66.0,2.2807,1.8507,7.55K,107.1,55.6,647.86M,76.32,74.3,75.45,71.79
1,CALLISTA.BO,195.5,Consumer Durables,Home Furnishings,98.0,81.0,14.0,93.0,1.3429,0.9964,0.38K,225.95,8.33,791.11M,165.54,133.34,168.1,165.15
2,CARYSIL.NS,1186.6,Consumer Durables,Home Furnishings,85.0,65.0,87.0,84.0,47.5714,47.0428,71.85K,1247.9,732.1,33.75B,1082.39,939.11,1103.46,938.71
3,SEKURITIND.BO,133.45,Consumer Durables,Home Furnishings,79.0,58.0,84.0,80.0,4.5464,4.475,63.02K,139.7,80.0,12.16B,119.92,108.42,122.52,106.82
4,TTKPRESTIG.NS,626.7,Consumer Durables,Home Furnishings,68.0,85.0,78.0,54.0,27.3786,27.3786,255.97K,771.2,423.0,85.83B,552.0,577.13,555.68,544.66
5,CERA.NS,6291.0,Consumer Durables,Home Furnishings,68.0,71.0,76.0,77.0,180.0714,177.8571,12.19K,7100.0,4461.1,81.11B,5942.47,5513.59,5987.6,5351.0
1,MCPL.BO,95.0,Retail Trade,Home Improvement Chains,49.0,60.0,72.0,43.0,2.8007,1.2371,6.11K,166.25,60.0,1.31B,88.61,91.24,89.77,85.48
2,SHANKARA.NS,130.69,Retail Trade,Home Improvement Chains,18.0,88.0,36.0,82.0,3.485,3.0186,226.72K,1209.8,98.25,3.17B,119.82,142.36,120.36,113.84
1,EMROCK.BO,269.95,Consumer Durables,Homebuilding,98.0,26.0,54.0,88.0,18.0571,17.9607,2.30K,305.95,24.19,4.27B,282.88,205.32,281.16,258.25
2,AIRLTD.BO,584.45,Consumer Durables,Homebuilding,96.0,22.0,11.0,27.0,0.8464,0.0,0.00K,713.95,114.37,13.09B,602.59,605.78,601.15,625.08
3,BRRL.BO,862.65,Consumer Durables,Homebuilding,92.0,34.0,6.0,91.0,61.6321,57.0607,1.31K,1011.0,226.0,8.91B,937.1,678.74,928.96,817.46
4,ATALREAL.NS,28.53,Consumer Durables,Homebuilding,76.0,85.0,60.0,65.0,1.055,1.055,7034.36K,32.0,17.75,3.53B,29.06,25.58,29.4,26.61
5,GANESHHOU.NS,866.15,Consumer Durables,Homebuilding,73.0,81.0,89.0,63.0,31.125,29.375,326.05K,1020.0,500.0,72.23B,737.09,744.12,754.08,706.22
1,KOVAI.NS,5970.5,Health Services,Hospital/Nursing Management,96.0,59.0,,,149.5714,147.5357,6.37K,6340.0,2576.65,65.33B,5676.38,,5695.45,
2,KMCSHIL.BO,136.25,Health Services,Hospital/Nursing Management,94.0,89.0,91.0,94.0,7.8679,7.7536,478.41K,145.9,62.5,22.22B,110.62,86.31,113.25,92.98
3,PARKHOSPS.NS,290.15,Health Services,Hospital/Nursing Management,93.0,39.0,87.0,95.0,10.9393,10.6607,925.00K,305.0,138.1,125.32B,271.38,,274.63,213.16
4,HANNAH.BO,106.5,Health Services,Hospital/Nursing Management,89.0,58.0,81.0,,4.6357,3.9321,34.00K,128.8,55.99,2.42B,90.99,,92.93,
5,ASARFI.BO,216.7,Health Services,Hospital/Nursing Management,82.0,42.0,54.0,76.0,7.8857,7.1179,24.67K,256.95,117.2,4.26B,214.24,182.83,215.47,192.13
1,AHLWEST.NS,585.0,Consumer Services,Hotels/Resorts/Cruise Lines,98.0,51.0,98.0,98.0,29.8429,22.7357,0.68K,751.4,137.0,6.82B,568.41,258.5,581.09,305.46
2,SAYAJIHOTL.NS,300.05,Consumer Services,Hotels/Resorts/Cruise Lines,95.0,58.0,,,9.2929,8.525,0.23K,330.0,138.7,5.26B,290.02,,292.66,
3,SHILINDORE.BO,1353.3,Consumer Services,Hotels/Resorts/Cruise Lines,87.0,91.0,85.0,92.0,33.7714,22.5786,4.97K,1430.0,702.05,4.12B,1103.17,917.24,1124.43,940.67
4,RASRESOR.BO,57.0,Consumer Services,Hotels/Resorts/Cruise Lines,86.0,75.0,87.0,83.0,2.8536,2.5729,1.94K,64.9,33.34,226.28M,54.06,43.54,54.23,45.12
5,ITDC.NS,728.1,Consumer Services,Hotels/Resorts/Cruise Lines,80.0,91.0,94.0,79.0,31.1036,30.9464,5183.50K,787.55,368.0,62.45B,588.76,564.01,601.54,552.92
1,CUPID.NS,210.01,Consumer Non-Durables,Household/Personal Care,98.0,97.0,97.0,95.0,10.7264,10.4257,40595.81K,226.0,21.65,282.39B,151.61,94.74,156.87,111.59
2,BAJAJCON.NS,643.55,Consumer Non-Durables,Household/Personal Care,96.0,77.0,92.0,97.0,21.9893,21.8893,515.03K,648.7,220.1,84.06B,566.72,378.83,581.54,430.35
3,HIPOLIN.BO,73.0,Consumer Non-Durables,Household/Personal Care,70.0,5.0,80.0,80.0,3.3207,2.4871,0.81K,118.65,44.83,228.58M,85.48,70.25,83.78,67.14
4,MARICO.NS,860.05,Consumer Non-Durables,Household/Personal Care,70.0,66.0,55.0,72.0,16.3679,16.2714,2998.66K,873.0,690.2,1114.53B,824.6,764.35,828.98,782.36
5,STDSFAC.BO,52.94,Consumer Non-Durables,Household/Personal Care,48.0,79.0,35.0,60.0,2.8121,2.6086,5.28K,69.0,44.1,437.37M,50.98,52.42,51.05,52.14
1,GRAMEVA.BO,99.25,Producer Manufacturing,Industrial Conglomerates,94.0,93.0,96.0,93.0,5.0336,2.2007,2.77K,116.0,28.8,476.34M,77.69,63.85,79.35,65.41
2,TIRUPATIFL.NS,67.09,Producer Manufacturing,Industrial Conglomerates,92.0,97.0,90.0,95.0,4.8864,4.73,3074.74K,74.9,30.11,7.94B,48.37,40.56,49.06,42.29
3,3MINDIA.NS,34745.0,Producer Manufacturing,Industrial Conglomerates,68.0,75.0,62.0,49.0,923.5714,907.8571,5.49K,38030.0,28730.0,391.40B,32724.5,33175.1,32944.5,33503.5
4,IPRINGLTD.BO,119.55,Producer Manufacturing,Industrial Conglomerates,48.0,40.0,48.0,58.0,9.6643,9.1643,1.47K,185.0,93.0,1.52B,121.69,120.71,121.93,114.45
5,KCP.NS,172.81,Producer Manufacturing,Industrial Conglomerates,45.0,63.0,52.0,45.0,5.4707,5.4707,79.38K,229.32,125.0,22.28B,167.09,173.74,167.48,164.94
1,LIPPISYS.BO,210.95,Producer Manufacturing,Industrial Machinery,98.0,98.0,98.0,98.0,13.3364,10.9036,33.27K,235.0,19.9,1.48B,126.17,56.57,135.34,70.57
2,BATLIBOI.NS,82.56,Producer Manufacturing,Industrial Machinery,98.0,82.0,,,3.8579,3.8579,34.58K,97.45,15.7,3.90B,80.74,,80.21,
3,EMAINDIA.BO,776.7,Producer Manufacturing,Industrial Machinery,97.0,26.0,94.0,93.0,22.3893,15.2607,1.22K,876.75,86.5,780.58M,746.96,491.76,760.83,553.21
4,DEEDEV.NS,677.5,Producer Manufacturing,Industrial Machinery,96.0,35.0,97.0,98.0,39.2179,36.0607,112.11K,760.0,183.0,46.93B,599.48,342.99,616.79,385.03
5,AEROFLEX.NS,405.25,Producer Manufacturing,Industrial Machinery,94.0,22.0,92.0,95.0,26.4679,26.4679,1594.33K,521.9,158.0,53.63B,421.27,258.79,431.79,293.35
1,CDG.BO,276.25,Process Industries,Industrial Specialties,97.0,85.0,97.0,96.0,19.2357,19.2357,3.57K,279.6,52.6,2.55B,220.85,132.87,225.32,166.12
2,KELENRG.BO,8726.5,Process Industries,Industrial Specialties,96.0,98.0,98.0,96.0,388.9607,264.7071,3.85K,9109.6,2900.0,8.73B,5692.22,4241.21,5906.78,4317.48
3,BEEZAASAN.BO,337.45,Process Industries,Industrial Specialties,91.0,83.0,93.0,88.0,15.5643,14.4179,20.53K,391.85,177.05,5.11B,287.32,240.13,293.17,242.24
4,RAIN.NS,204.36,Process Industries,Industrial Specialties,90.0,43.0,95.0,87.0,8.3336,8.24,4488.83K,214.17,99.9,68.74B,177.26,141.92,180.78,149.44
5,FCL.NS,37.43,Process Industries,Industrial Specialties,90.0,17.0,93.0,90.0,2.3286,2.3,9306.98K,47.18,19.1,43.59B,36.32,26.94,36.77,27.55
1,STLTECH.NS,554.35,Technology Services,Information Technology Services,98.0,9.0,98.0,98.0,34.05,29.9071,2199.76K,679.9,84.6,284.88B,520.14,236.2,537.48,288.25
2,COVANCE.BO,233.3,Technology Services,Information Technology Services,98.0,97.0,80.0,97.0,9.3571,6.3429,10.66K,233.3,20.49,5.17B,171.31,131.47,175.17,159.96
3,AXISOL.BO,305.0,Technology Services,Information Technology Services,98.0,19.0,75.0,98.0,4.55,2.9821,1.80K,350.0,15.0,14.38B,290.85,160.2,295.43,210.43
4,SESHACHAL.BO,65.86,Technology Services,Information Technology Services,98.0,0.0,1.0,82.0,1.9679,0.0,0.54K,105.31,2.39,45.73M,92.56,66.62,91.18,85.26
5,SIGMAADV.NS,558.05,Technology Services,Information Technology Services,97.0,94.0,98.0,97.0,32.3071,26.6857,450.13K,638.1,95.53,98.35B,437.33,245.05,457.65,276.58
1,RRFIN.BO,86.24,Finance,Insurance Brokers/Services,68.0,98.0,57.0,2.0,4.4921,1.8314,1.70K,263.7,46.04,953.87M,74.18,116.58,75.31,92.02
1,ANTELOPUS.NS,794.45,Energy Minerals,Integrated Oil,88.0,15.0,54.0,95.0,38.5286,37.4679,82.49K,933.65,357.0,27.93B,780.8,585.05,780.11,616.79
2,GNRL.NS,102.33,Energy Minerals,Integrated Oil,55.0,76.0,,,8.2143,8.0893,1882.11K,120.9,83.2,,96.92,,97.26,
3,IRMENERGY.NS,262.75,Energy Minerals,Integrated Oil,53.0,53.0,84.0,39.0,8.2286,8.1286,121.56K,393.0,165.4,10.79B,278.08,274.3,274.19,254.18
4,HINDOILEXP.NS,153.81,Energy Minerals,Integrated Oil,42.0,3.0,40.0,51.0,4.6693,4.6421,395.52K,188.65,117.5,20.34B,164.22,153.85,163.88,152.12
5,IOC.NS,138.26,Energy Minerals,Integrated Oil,32.0,43.0,31.0,25.0,2.8971,2.6764,16425.53K,188.96,130.22,1952.40B,140.91,154.77,140.52,152.09
1,MSTCLTD.NS,676.3,Retail Trade,Internet Retail,86.0,92.0,93.0,83.0,34.6322,34.1214,1127.88K,743.9,362.15,47.61B,544.13,494.69,555.79,487.33
2,NYKAA.NS,324.05,Retail Trade,Internet Retail,83.0,90.0,76.0,78.0,7.6071,7.3214,10056.35K,325.9,200.14,928.02B,281.39,261.92,285.85,265.53
3,HEALTHX.NS,329.65,Retail Trade,Internet Retail,69.0,81.0,68.0,65.0,12.0321,12.0321,10.75K,363.0,252.5,10.49B,302.1,298.25,305.31,295.2
4,ISFT.NS,76.25,Retail Trade,Internet Retail,29.0,8.0,57.0,21.0,2.8879,2.8879,15.81K,119.07,54.05,1.24B,81.14,85.27,80.72,79.53
5,INDIAMART.NS,1924.7,Retail Trade,Internet Retail,21.0,24.0,14.0,25.0,46.25,45.9286,93.82K,2799.0,1860.0,115.75B,2000.29,2183.15,1995.95,2094.82
1,BLSE.NS,261.35,Technology Services,Internet Software/Services,88.0,82.0,92.0,81.0,10.6457,10.5679,2306.77K,285.9,124.3,23.69B,222.12,191.04,225.91,188.18
2,CARTRADE.NS,2735.2,Technology Services,Internet Software/Services,83.0,93.0,89.0,49.0,112.0643,111.0714,594.55K,3290.5,1600.0,131.35B,2176.1,2344.97,2230.3,2156.41
3,ABSLAMC.NS,1136.0,Technology Services,Internet Software/Services,81.0,69.0,67.0,86.0,43.7571,43.65,376.89K,1224.9,708.0,328.54B,1086.97,905.3,1096.47,958.95
4,MOTILALOFS.NS,942.5,Technology Services,Internet Software/Services,67.0,74.0,79.0,68.0,23.45,23.2643,750.09K,1097.1,614.9,567.52B,890.47,857.07,900.85,813.52
5,ETERNAL.NS,292.45,Technology Services,Internet Software/Services,65.0,88.0,71.0,59.0,7.9036,7.6643,39849.58K,368.45,212.6,2692.12B,255.36,277.22,258.39,258.89
1,MRUTR.BO,63.66,Finance,Investment Banks/Brokers,98.0,97.0,98.0,98.0,1.0343,0.0279,13.94K,63.66,0.46,45.99B,41.93,16.57,44.16,23.2
2,TANDHANIN.BO,151.75,Finance,Investment Banks/Brokers,98.0,90.0,98.0,98.0,3.7786,2.6321,7.39K,154.85,10.48,7.55B,118.04,48.21,122.87,64.66
3,HIKLASS.BO,72.0,Finance,Investment Banks/Brokers,98.0,3.0,58.0,97.0,1.4564,0.71,0.32K,108.35,6.49,2.18B,86.55,46.38,84.97,59.25
4,INDUSFINL.BO,156.05,Finance,Investment Banks/Brokers,97.0,94.0,98.0,98.0,5.3929,4.8643,7.45K,162.75,38.94,1.44B,117.57,67.62,122.28,77.18
5,PHCAP.BO,957.05,Finance,Investment Banks/Brokers,97.0,64.0,89.0,96.0,27.3286,27.1536,2.29K,1005.0,165.05,2.87B,859.58,512.68,875.93,660.06
1,NEWMKTAVE.BO,41.07,Finance,Investment Managers,97.0,94.0,97.0,98.0,0.4271,0.0,,41.07,9.1,202.89M,28.93,15.96,30.7,19.49
2,VEDANTASSET.BO,89.9,Finance,Investment Managers,96.0,98.0,98.0,94.0,2.8043,0.4864,14.67K,93.6,33.0,248.27M,54.51,45.4,57.63,46.29
3,ONELIFECAP.NS,38.46,Finance,Investment Managers,96.0,97.0,98.0,96.0,2.0843,2.0421,49.07K,40.1,11.15,1.44B,27.41,17.99,28.67,20.03
4,PHOTON.BO,249.65,Finance,Investment Managers,96.0,98.0,96.0,97.0,7.8893,0.0,0.09K,249.65,90.0,679.22M,148.35,119.62,155.14,129.6
5,VGCL.BO,55.67,Finance,Investment Managers,88.0,82.0,91.0,89.0,3.4471,3.4364,5.03K,59.5,28.1,1.28B,53.07,41.88,53.33,42.27
1,GROWW.NS,198.44,Miscellaneous,Investment Trusts,80.0,50.0,63.0,78.0,5.7779,5.71,25260.72K,227.2,112.0,1228.66B,196.38,,196.46,180.66
2,ALTIUSINVIT.BO,168.28,Miscellaneous,Investment Trusts,68.0,38.0,40.0,65.0,1.6121,1.5636,488.89K,171.0,142.0,512.82B,168.36,157.58,169.04,161.04
3,PSPLATINA.BO,1075000.0,Miscellaneous,Investment Trusts,59.0,50.0,36.0,60.0,2857.1429,721.4286,0.00K,1082000.0,970000.0,3.61B,1052950.02,1032751.54,1054850.0,1044560.13
4,CITIUSINVT.BO,107.8,Miscellaneous,Investment Trusts,53.0,48.0,,,1.1871,1.1329,3.21K,111.98,101.75,65.76B,105.75,,106.1,
5,MIT.BO,142.5,Miscellaneous,Investment Trusts,47.0,30.0,17.0,46.0,0.4614,0.0,61.11K,145.6,140.82,67.37B,144.94,145.12,144.67,145.29
1,STARHEALTH.NS,603.25,Finance,Life/Health Insurance,83.0,85.0,76.0,84.0,15.5822,15.5,502.10K,606.0,416.55,354.95B,540.85,488.13,545.91,492.38
2,NIVABUPA.NS,85.74,Finance,Life/Health Insurance,67.0,56.0,61.0,70.0,1.6529,1.6529,953.97K,92.9,67.5,158.55B,83.53,77.95,84.1,78.41
3,CANHLIFE.NS,141.34,Finance,Life/Health Insurance,64.0,46.0,21.0,42.0,3.8607,3.8429,960.65K,159.0,106.0,133.92B,139.36,,139.02,142.83
4,LICI.NS,438.45,Finance,Life/Health Insurance,55.0,73.0,61.0,56.0,9.1786,8.6964,3410.33K,470.98,360.75,2773.20B,412.87,422.85,414.99,412.46
5,BAJAJFINSV.NS,1895.0,Finance,Life/Health Insurance,46.0,80.0,52.0,40.0,41.85,40.4286,1449.55K,2195.0,1597.0,3029.60B,1772.77,1923.72,1781.29,1857.57
1,FEDERALBNK.NS,327.75,Finance,Major Banks,84.0,60.0,63.0,77.0,5.6143,5.5679,7616.01K,334.3,185.11,808.43B,305.53,270.43,307.77,288.36
2,MAHABANK.NS,82.01,Finance,Major Banks,81.0,32.0,68.0,85.0,2.8214,2.7886,20177.77K,94.5,51.71,630.78B,83.52,68.28,83.72,72.58
3,DHANBANK.NS,33.89,Finance,Major Banks,79.0,53.0,83.0,85.0,1.5914,1.5579,3693.33K,36.85,19.45,13.38B,32.9,27.14,32.95,27.38
4,SOUTHBANK.NS,44.22,Finance,Major Banks,78.0,28.0,64.0,73.0,1.755,1.7379,24765.67K,49.9,28.11,115.77B,43.36,39.56,43.67,40.89
5,INDUSINDBK.NS,1015.15,Finance,Major Banks,77.0,76.0,74.0,76.0,26.5214,26.1214,3256.12K,1038.0,710.6,790.94B,925.27,866.16,933.97,894.82
1,TATACOMM.NS,1870.4,Communications,Major Telecommunications,70.0,20.0,79.0,56.0,64.2286,64.2286,476.94K,2110.0,1322.5,533.10B,1857.43,1728.46,1889.84,1686.67
2,ITI.NS,287.75,Communications,Major Telecommunications,37.0,24.0,51.0,38.0,7.3071,7.1607,359.01K,372.85,237.0,277.06B,297.35,298.26,297.68,289.38
3,RAILTEL.NS,302.9,Communications,Major Telecommunications,27.0,30.0,52.0,20.0,7.6036,6.8893,861.15K,426.0,245.0,97.21B,318.82,331.71,317.09,318.37
4,ROUTE.NS,537.9,Communications,Major Telecommunications,18.0,46.0,57.0,13.0,15.275,15.0786,201.93K,1028.0,410.7,33.89B,528.61,601.19,528.42,546.54
5,MTNL.NS,28.95,Communications,Major Telecommunications,13.0,25.0,53.0,16.0,1.0671,1.0607,1789.49K,53.6,21.26,18.24B,30.25,33.6,30.36,30.53
1,PPARIVAH.BO,222.45,Transportation,Marine Shipping,91.0,96.0,90.0,87.0,7.9071,7.2607,35.60K,233.5,108.0,2.52B,178.31,160.63,182.75,166.76
2,DREDGECORP.NS,1056.2,Transportation,Marine Shipping,83.0,13.0,71.0,58.0,50.3286,49.2286,221.76K,1286.0,538.0,29.57B,1068.36,931.8,1064.76,990.92
3,GESHIP.NS,1414.2,Transportation,Marine Shipping,76.0,34.0,24.0,81.0,53.6428,53.3928,573.87K,1798.0,913.1,201.90B,1499.59,1275.87,1485.16,1360.44
4,COASTCORP.NS,49.92,Transportation,Marine Shipping,73.0,56.0,39.0,62.0,2.2336,2.23,104.30K,66.7,30.01,3.34B,53.95,46.73,54.44,49.63
5,GLOTTIS.NS,67.01,Transportation,Marine Shipping,51.0,43.0,87.0,70.0,2.3071,2.3071,54.20K,93.0,37.0,6.19B,64.74,,65.53,56.68
1,APPL.BO,219.75,Distribution Services,Medical Distributors,97.0,24.0,90.0,97.0,3.8679,1.8429,10.13K,238.8,32.32,3.77B,204.01,,207.72,143.83
2,GUJINJEC.BO,13.4,Distribution Services,Medical Distributors,97.0,86.0,88.0,98.0,0.6018,0.5675,827.02K,14.3,1.9,1.96B,11.55,6.38,11.73,8.08
3,BIJHANS.BO,81.55,Distribution Services,Medical Distributors,95.0,96.0,87.0,93.0,1.4764,0.0,0.06K,81.55,23.0,3.92B,61.31,52.31,62.47,55.43
4,SPML.BO,184.0,Distribution Services,Medical Distributors,85.0,4.0,81.0,,7.5214,6.4714,20.00K,381.2,121.1,1.62B,229.62,,220.06,
5,RAMAVISION.BO,143.4,Distribution Services,Medical Distributors,78.0,38.0,56.0,69.0,9.6643,9.6286,5.83K,190.85,74.0,1.50B,146.91,131.37,144.77,138.9
1,SETL.NS,276.9,Health Technology,Medical Specialties,94.0,98.0,97.0,94.0,18.775,15.9014,3018.21K,305.3,104.56,5.79B,174.67,153.89,181.44,147.24
2,HSIL.BO,352.0,Health Technology,Medical Specialties,93.0,23.0,72.0,75.0,14.4036,12.6286,12.27K,446.0,110.5,5.12B,371.26,308.79,376.16,314.05
3,CHOKSI.BO,174.7,Health Technology,Medical Specialties,90.0,94.0,61.0,92.0,8.4964,7.9536,3.07K,212.9,75.0,995.98M,145.29,128.04,148.2,142.21
4,SDL.BO,36.3,Health Technology,Medical Specialties,78.0,19.0,34.0,63.0,2.3786,1.3364,4.67K,51.49,19.01,263.66M,38.57,33.53,38.33,35.66
5,LENSKART.NS,545.95,Health Technology,Medical Specialties,74.0,73.0,46.0,74.0,17.2821,17.1393,4781.19K,563.0,356.1,945.28B,507.87,,509.67,497.21
1,ASPIRA.BO,105.1,Health Services,Medical/Nursing Services,93.0,3.0,95.0,90.0,3.2107,2.2893,2.25K,135.88,49.0,1.08B,110.52,74.48,113.41,78.96
2,JSTL.BO,72.58,Health Services,Medical/Nursing Services,87.0,16.0,53.0,68.0,4.5886,4.5829,19.66K,93.9,32.85,1.45B,81.14,66.99,80.62,72.23
3,GAUDIUMIVF.NS,119.18,Health Services,Medical/Nursing Services,86.0,81.0,88.0,,3.7664,2.6243,142.41K,133.0,69.18,8.67B,112.15,,111.6,
4,VIJAYA.NS,1377.8,Health Services,Medical/Nursing Services,85.0,68.0,87.0,83.0,54.8572,54.1857,541.67K,1427.8,848.0,141.77B,1294.74,1071.83,1327.83,1101.03
5,THYROCARE.NS,535.55,Health Services,Medical/Nursing Services,84.0,32.0,84.0,74.0,22.6929,22.5786,311.34K,578.25,342.55,85.24B,508.22,444.41,511.66,441.47
1,MODMA.BO,61.68,Producer Manufacturing,Metal Fabrication,98.0,2.0,98.0,98.0,2.2407,1.7786,1.19K,85.79,1.1,7.19B,68.69,24.78,69.1,33.85
2,AANCHALISP.BO,88.35,Producer Manufacturing,Metal Fabrication,97.0,97.0,98.0,98.0,6.0114,3.9057,41.72K,508.0,7.62,374.01M,66.55,177.87,68.84,36.23
3,OMNI.NS,529.3,Producer Manufacturing,Metal Fabrication,95.0,69.0,95.0,,28.7464,28.5714,628.98K,590.1,176.25,65.46B,467.8,,479.07,
4,UNIABEXAL.BO,5574.5,Producer Manufacturing,Metal Fabrication,93.0,91.0,96.0,94.0,264.3286,256.4714,1.82K,5750.0,2667.0,11.01B,4205.51,3411.73,4348.13,3472.45
5,GALXBRG.BO,989.65,Producer Manufacturing,Metal Fabrication,92.0,98.0,97.0,95.0,58.1036,37.7964,7.73K,1096.4,412.2,3.15B,589.57,604.4,623.15,533.06
1,INOVSYNTH.BO,130.65,Miscellaneous,Miscellaneous,93.0,94.0,94.0,92.0,0.6243,0.0,24.28K,139.85,50.1,12.13B,96.32,82.5,101.75,82.75
2,ASHIKA.NS,395.1,Miscellaneous,Miscellaneous,56.0,65.0,,,15.7714,15.6429,202.59K,429.9,339.95,,382.63,,382.01,
3,SCILAL.NS,42.44,Miscellaneous,Miscellaneous,31.0,20.0,31.0,36.0,1.0493,1.0493,216.95K,58.7,34.3,19.77B,45.73,46.28,45.94,45.0
1,SMTEL.BO,439.85,Commercial Services,Miscellaneous Commercial Services,98.0,38.0,46.0,96.0,26.5714,25.7929,0.36K,494.85,23.35,7.95B,415.46,286.45,411.66,370.06
2,MAGNUS.BO,71.11,Commercial Services,Miscellaneous Commercial Services,98.0,0.0,2.0,95.0,4.0907,0.5193,148.97K,223.4,8.33,240.37M,130.52,68.17,125.53,89.5
3,HYPERSOFT.BO,211.0,Commercial Services,Miscellaneous Commercial Services,97.0,35.0,96.0,97.0,4.7286,4.4214,7.61K,216.8,40.11,17.82B,178.59,107.79,182.72,122.44
4,ISTRNETWK.BO,49.3,Commercial Services,Miscellaneous Commercial Services,96.0,31.0,66.0,45.0,2.51,2.4736,39.09K,72.15,9.63,3.54B,47.35,45.29,47.4,46.67
5,CMPDI.NS,263.66,Commercial Services,Miscellaneous Commercial Services,92.0,72.0,93.0,,12.7,12.3864,4813.49K,283.69,150.16,,238.99,,243.99,
1,SAMTELIN.BO,56.34,Producer Manufacturing,Miscellaneous Manufacturing,98.0,76.0,97.0,98.0,1.51,0.84,16.48K,62.4,1.89,399.33M,47.99,18.67,49.35,26.14
2,CCME.BO,114.95,Producer Manufacturing,Miscellaneous Manufacturing,96.0,89.0,70.0,84.0,3.3643,2.025,0.12K,181.3,22.28,5.20B,115.17,104.56,114.76,96.72
3,HITECHCORP.NS,327.4,Producer Manufacturing,Miscellaneous Manufacturing,95.0,66.0,97.0,94.0,7.4493,7.4179,14.31K,327.4,112.0,5.62B,246.4,185.46,258.1,185.29
4,PANKAJPO.BO,68.33,Producer Manufacturing,Miscellaneous Manufacturing,94.0,84.0,65.0,93.0,3.7843,3.7779,10.08K,75.97,15.0,378.81M,66.29,48.33,67.47,60.76
5,SIZEMASTER.BO,351.7,Producer Manufacturing,Miscellaneous Manufacturing,94.0,45.0,31.0,96.0,7.55,4.1821,0.08K,415.0,119.95,3.52B,371.81,254.25,370.76,297.95
1,ZELIO.BO,593.25,Consumer Durables,Motor Vehicles,96.0,84.0,92.0,82.0,13.4607,7.7714,13.89K,613.8,154.9,12.55B,521.92,,527.92,416.7
2,ATHERENERG.NS,1218.4,Consumer Durables,Motor Vehicles,95.0,87.0,91.0,92.0,47.6321,47.6321,5412.33K,1242.9,325.55,467.02B,995.96,775.3,1008.15,827.12
3,SANDHAR.NS,665.95,Consumer Durables,Motor Vehicles,82.0,17.0,83.0,76.0,28.2429,28.2429,374.29K,763.2,405.2,40.18B,642.73,547.44,651.3,556.1
4,SMLMAH.NS,4080.4,Consumer Durables,Motor Vehicles,70.0,71.0,31.0,55.0,131.5143,130.9357,69.59K,5348.0,2719.0,59.05B,3849.73,3767.23,3893.89,4007.84
5,OLECTRA.NS,1396.0,Consumer Durables,Motor Vehicles,67.0,70.0,80.0,71.0,54.0429,53.6571,914.84K,1714.2,866.6,114.58B,1331.64,1247.87,1345.26,1176.54
1,IDREAM.BO,609.45,Consumer Services,Movies/Entertainment,97.0,98.0,96.0,97.0,19.7393,8.0286,0.38K,634.6,138.3,164.89B,418.37,291.67,432.43,338.84
2,TIPSMUSIC.NS,711.15,Consumer Services,Movies/Entertainment,79.0,65.0,77.0,83.0,22.2786,21.0964,233.34K,726.75,481.15,90.91B,654.8,569.96,665.64,587.14
3,SAREGAMA.NS,476.1,Consumer Services,Movies/Entertainment,77.0,67.0,89.0,85.0,19.225,18.9643,632.34K,520.0,307.05,91.39B,430.96,389.56,444.31,375.25
4,SHEMAROO.NS,122.69,Consumer Services,Movies/Entertainment,67.0,80.0,81.0,71.0,6.7507,6.5829,9.81K,143.0,73.0,3.52B,112.88,107.3,115.04,104.88
5,PFOCUS.NS,244.47,Consumer Services,Movies/Entertainment,63.0,59.0,1.0,53.0,10.3121,9.9021,434.26K,367.0,136.53,189.83B,246.2,236.83,242.62,261.18
1,ABCAPITAL.NS,397.35,Finance,Multi-Line Insurance,77.0,82.0,74.0,69.0,10.9679,10.6393,5043.88K,410.7,243.0,1087.08B,367.0,341.46,372.16,349.23
2,RELIGARE.NS,271.5,Finance,Multi-Line Insurance,71.0,89.0,66.0,68.0,9.7679,9.7014,789.39K,295.0,196.51,92.64B,242.21,239.78,245.29,234.43
3,NIACL.NS,183.62,Finance,Multi-Line Insurance,65.0,90.0,87.0,75.0,8.8421,8.5229,3509.29K,218.0,116.97,302.61B,168.34,163.01,171.19,155.52
4,GODIGIT.NS,301.85,Finance,Multi-Line Insurance,30.0,44.0,13.0,29.0,9.2571,8.9607,751.43K,381.4,290.8,279.00B,307.75,331.14,308.17,321.62
5,HDFCLIFE.NS,551.85,Finance,Multi-Line Insurance,11.0,35.0,16.0,10.0,10.8179,10.7214,3417.44K,815.0,543.0,1198.58B,588.62,683.11,586.93,646.63
1,KRISHPP.BO,112.2,Nan,Nan,34.0,5.0,34.0,,17.75,16.6071,0.62K,171.15,97.5,2.88B,127.51,,128.89,
1,EUROPRATIK.NS,310.65,Producer Manufacturing,Office Equipment/Supplies,77.0,87.0,81.0,53.0,13.325,12.9571,298.58K,390.0,205.1,31.75B,271.11,,275.12,262.13
2,WSTCSTPAPR.NS,547.45,Producer Manufacturing,Office Equipment/Supplies,72.0,72.0,68.0,84.0,19.2143,19.1643,328.92K,583.0,375.0,36.16B,506.34,452.07,506.07,453.2
3,NAVNETEDUL.NS,148.72,Producer Manufacturing,Office Equipment/Supplies,55.0,66.0,58.0,55.0,3.0743,3.0743,235.60K,168.5,121.5,32.90B,143.41,146.35,143.71,143.16
4,DOMS.NS,2322.1,Producer Manufacturing,Office Equipment/Supplies,37.0,78.0,24.0,36.0,62.8357,62.8357,66.05K,2770.0,2023.9,140.92B,2255.94,2400.1,2253.76,2335.6
5,FLAIR.NS,262.05,Producer Manufacturing,Office Equipment/Supplies,21.0,9.0,9.0,26.0,7.3,7.2714,206.96K,357.0,256.35,27.62B,293.23,304.42,287.79,302.28
1,RIIL.NS,792.0,Industrial Services,Oil & Gas Pipelines,46.0,50.0,59.0,51.0,22.55,21.5857,119.83K,975.05,617.35,11.96B,791.3,793.41,789.76,754.34
1,ASIANENE.NS,330.5,Energy Minerals,Oil & Gas Production,66.0,4.0,61.0,75.0,13.5179,13.3893,163.60K,392.0,230.0,16.06B,344.18,308.92,348.73,303.16
2,VOGL.NS,37.93,Energy Minerals,Oil & Gas Production,59.0,,,,3.4643,3.2443,141074.35K,47.6,30.42,148.08B,,,,
3,PRABHA.NS,149.33,Energy Minerals,Oil & Gas Production,9.0,20.0,10.0,15.0,5.0929,5.0929,41.61K,315.9,143.05,21.89B,159.12,176.27,157.64,162.13
4,BHAGWOX.BO,32.05,Energy Minerals,Oil & Gas Production,9.0,27.0,7.0,9.0,1.0357,0.9386,0.44K,50.0,31.5,74.13M,34.61,39.85,34.38,38.05
1,CHENNPETRO.NS,1121.7,Energy Minerals,Oil Refining/Marketing,82.0,11.0,58.0,87.0,33.5,33.2143,696.16K,1249.0,620.85,167.03B,1101.23,956.01,1092.73,987.11
2,PROGREXV.BO,30.91,Energy Minerals,Oil Refining/Marketing,78.0,59.0,40.0,75.0,0.01,0.0029,0.13K,31.05,21.48,111.41M,29.99,26.4,30.15,27.83
3,GULFPETRO.NS,37.95,Energy Minerals,Oil Refining/Marketing,57.0,19.0,72.0,64.0,1.5036,1.4764,27.71K,45.97,23.25,1.93B,37.31,35.57,37.63,34.1
4,GULFOILLUB.NS,1044.3,Energy Minerals,Oil Refining/Marketing,45.0,83.0,62.0,29.0,29.7,29.6143,83.82K,1329.0,865.0,51.71B,979.15,1083.21,987.51,1029.03
5,CASTROLIND.NS,183.5,Energy Minerals,Oil Refining/Marketing,40.0,45.0,31.0,47.0,1.8757,1.8757,1195.85K,232.43,170.1,181.50B,183.98,187.72,183.69,184.47
1,CRYOGENIC.BO,286.55,Industrial Services,Oilfield Services/Equipment,95.0,88.0,93.0,93.0,13.5821,12.1179,21.58K,310.0,89.3,4.09B,240.11,192.55,244.16,195.41
2,SEAMECLTD.NS,1443.6,Industrial Services,Oilfield Services/Equipment,81.0,8.0,15.0,85.0,57.35,57.35,46.50K,1709.2,752.55,36.83B,1524.96,1231.49,1514.12,1376.16
3,TRISHAKT.BO,169.1,Industrial Services,Oilfield Services/Equipment,73.0,73.0,71.0,71.0,9.7107,9.4071,61.86K,191.0,114.9,2.79B,154.91,147.62,155.16,147.26
4,UNIDT.NS,228.84,Industrial Services,Oilfield Services/Equipment,67.0,18.0,52.0,67.0,9.3429,9.2629,8.91K,254.97,146.0,4.65B,224.61,200.45,225.08,200.08
5,DEEPINDS.NS,454.15,Industrial Services,Oilfield Services/Equipment,49.0,5.0,17.0,55.0,15.0,14.7679,149.21K,578.0,330.0,29.07B,478.4,446.84,475.5,432.03
1,TRADWIN.BO,587.55,Consumer Services,Other Consumer Services,98.0,13.0,43.0,93.0,27.1143,19.7143,0.06K,846.45,47.04,1.76B,612.5,446.95,618.01,598.92
2,IRONWOOD.BO,53.52,Consumer Services,Other Consumer Services,77.0,91.0,68.0,69.0,3.8479,3.8479,32.75K,62.8,32.27,898.10M,44.49,45.09,45.09,46.29
3,NHL.BO,80.49,Consumer Services,Other Consumer Services,67.0,37.0,62.0,53.0,0.3586,0.3586,0.18K,98.76,56.8,254.38M,78.45,77.74,79.19,77.58
4,CPCAP.NS,115.27,Consumer Services,Other Consumer Services,63.0,93.0,77.0,58.0,5.0821,4.5907,26.16K,174.0,73.51,2.10B,99.46,104.96,100.07,98.03
5,YAANENT.BO,98.15,Consumer Services,Other Consumer Services,62.0,52.0,35.0,48.0,3.7864,3.525,4.00K,133.9,68.0,304.26M,101.48,97.22,99.99,99.5
1,THANGAMAYL.NS,6598.5,Consumer Durables,Other Consumer Specialties,96.0,89.0,93.0,95.0,398.3928,391.8929,348.84K,7165.0,1750.1,205.09B,4897.5,3650.35,5050.05,4088.53
2,SJCORP.BO,141.25,Consumer Durables,Other Consumer Specialties,95.0,98.0,95.0,96.0,4.4614,0.0,0.06K,141.25,56.14,6.12B,85.2,72.04,88.2,75.9
3,SKYGOLD.NS,623.3,Consumer Durables,Other Consumer Specialties,94.0,90.0,92.0,94.0,26.5714,26.0464,1286.61K,629.7,246.05,96.53B,507.39,383.73,520.77,408.15
4,RETAGGIO.BO,54.63,Consumer Durables,Other Consumer Specialties,92.0,7.0,46.0,87.0,1.9886,0.8836,40.33K,72.68,18.0,1.08B,62.44,43.42,62.75,49.16
5,SHOORA.BO,90.6,Consumer Durables,Other Consumer Specialties,91.0,93.0,95.0,93.0,1.6879,0.3871,3.00K,98.2,34.25,418.90M,70.31,55.13,72.78,58.61
1,JTLDEFENCE.BO,615.9,Non-Energy Minerals,Other Metals/Minerals,98.0,98.0,99.0,98.0,15.6821,3.4714,3.63K,615.9,55.58,6.48B,390.88,147.49,412.0,187.07
2,PARMESHWAR.BO,194.5,Non-Energy Minerals,Other Metals/Minerals,95.0,30.0,87.0,80.0,4.3357,3.5679,7.00K,241.5,60.01,2.98B,200.48,135.52,199.79,160.04
3,RAPICUT.BO,241.15,Non-Energy Minerals,Other Metals/Minerals,94.0,91.0,88.0,94.0,13.4464,12.9393,21.02K,263.0,66.66,1.30B,196.1,140.49,200.48,165.22
4,VIDYAWIRES.NS,96.92,Non-Energy Minerals,Other Metals/Minerals,93.0,56.0,94.0,94.0,4.4279,4.1857,1583.30K,117.35,42.51,20.61B,97.23,,96.99,69.28
5,SCBL.BO,43.88,Non-Energy Minerals,Other Metals/Minerals,93.0,6.0,23.0,88.0,2.5157,2.1371,0.50K,64.13,6.75,47.09M,45.45,35.93,45.28,45.39
1,SHREEJISPG.NS,523.4,Transportation,Other Transportation,93.0,82.0,89.0,88.0,14.0,13.7143,958.27K,532.95,222.0,85.27B,464.27,364.25,474.33,400.59
2,ADANIPORTS.NS,1800.1,Transportation,Other Transportation,78.0,36.0,75.0,78.0,40.4929,39.4,2100.69K,1891.1,1290.5,4147.36B,1796.0,1550.0,1808.97,1582.12
3,REPONO.BO,84.23,Transportation,Other Transportation,75.0,94.0,89.0,76.0,5.5036,4.7764,48.27K,107.0,43.06,865.82M,72.04,68.75,74.3,64.76
4,GMRAIRPORT.NS,111.83,Transportation,Other Transportation,74.0,74.0,68.0,63.0,2.5779,2.5293,29903.13K,115.64,84.11,1180.81B,102.84,98.08,104.17,98.8
5,SICALLOG.NS,89.84,Transportation,Other Transportation,64.0,81.0,84.0,60.0,3.3757,2.7107,40.68K,124.0,60.11,7.17B,77.67,82.61,79.1,77.7
1,ISERA.BO,143.9,Technology Services,Packaged Software,98.0,97.0,97.0,98.0,2.0836,0.1986,4.40K,143.9,1.57,1.21B,98.52,44.17,102.34,60.8
2,NINSYS.NS,914.15,Technology Services,Packaged Software,95.0,93.0,97.0,96.0,41.2429,40.7821,6.55K,935.0,281.05,16.98B,697.19,468.99,720.55,490.02
3,AMRAPLIN.BO,33.64,Technology Services,Packaged Software,95.0,95.0,96.0,96.0,1.9479,1.26,36.03K,44.77,12.65,1.73B,25.59,17.69,26.52,18.78
4,SHADOWFAX.NS,219.97,Technology Services,Packaged Software,94.0,49.0,95.0,,11.0543,11.0543,1780.86K,241.63,98.55,128.72B,202.35,,205.99,
5,AMAGI.NS,575.8,Technology Services,Packaged Software,92.0,97.0,94.0,,34.975,34.975,782.09K,592.5,310.2,124.57B,454.4,,458.08,
1,MAXGROW.BO,66.2,Commercial Services,Personnel Services,96.0,97.0,93.0,88.0,2.35,1.755,52.99K,73.36,7.5,2.64B,52.5,43.89,53.47,52.23
2,QUESS.NS,294.55,Commercial Services,Personnel Services,82.0,92.0,91.0,87.0,12.7407,12.7336,1039.91K,320.9,166.3,43.99B,234.49,217.17,240.45,211.91
3,AARVI.NS,147.09,Commercial Services,Personnel Services,74.0,80.0,58.0,69.0,7.6186,7.6186,18.45K,154.7,96.99,2.18B,134.71,128.45,136.57,130.85
4,TEAMLEASE.NS,1381.0,Commercial Services,Personnel Services,36.0,39.0,57.0,29.0,26.7572,25.0143,41.56K,2100.0,1065.2,23.15B,1391.19,1466.75,1399.04,1350.27
5,PANHR.BO,52.0,Commercial Services,Personnel Services,6.0,1.0,56.0,,0.5679,0.0071,1.42K,85.5,43.0,374.98M,62.22,,60.51,
1,ZIMLAB.NS,115.93,Health Technology,Pharmaceuticals: Generic,90.0,54.0,93.0,92.0,4.3743,4.0021,29.09K,133.9,59.31,6.21B,109.16,81.26,110.55,84.81
2,ZENLABS.BO,33.2,Health Technology,Pharmaceuticals: Generic,86.0,14.0,90.0,93.0,1.55,1.3071,2.44K,39.99,16.5,216.13M,32.53,26.2,33.06,24.46
3,JAGSNPHARM.NS,231.89,Health Technology,Pharmaceuticals: Generic,70.0,85.0,66.0,75.0,13.5364,13.33,1378.80K,301.65,155.0,15.27B,214.26,200.68,215.88,194.4
4,DENISCHEM.BO,82.23,Health Technology,Pharmaceuticals: Generic,37.0,84.0,48.0,62.0,4.0557,4.0043,15.65K,104.75,56.1,1.14B,74.2,79.76,74.26,75.37
1,VINRKLB.BO,36.0,Health Technology,Pharmaceuticals: Major,98.0,5.0,22.0,98.0,0.8807,0.6571,1.32K,46.65,4.5,217.01M,38.59,20.94,38.35,28.71
2,PARMAX.BO,89.69,Health Technology,Pharmaceuticals: Major,97.0,98.0,98.0,97.0,1.4507,0.0,3.25K,89.69,22.6,335.56M,52.9,37.38,55.98,39.68
3,BLISSGVS.NS,524.15,Health Technology,Pharmaceuticals: Major,97.0,92.0,97.0,97.0,27.3,27.1429,1034.61K,553.0,118.0,55.69B,401.92,239.79,415.75,277.29
4,VENUSREM.NS,1702.5,Health Technology,Pharmaceuticals: Major,97.0,66.0,95.0,96.0,108.6786,105.9286,70.05K,2044.3,424.0,22.78B,1429.94,887.93,1482.12,1041.75
5,NOVARTIND.NS,1466.3,Health Technology,Pharmaceuticals: Major,96.0,77.0,,,59.9357,59.8357,12.13K,1589.2,672.25,36.20B,1338.91,,1369.6,
1,TRANSCHEM.BO,321.75,Health Technology,Pharmaceuticals: Other,98.0,65.0,97.0,94.0,8.35,4.0929,8.05K,356.15,38.31,3.94B,258.48,163.13,266.14,200.39
2,VEERHEALTH.BO,37.77,Health Technology,Pharmaceuticals: Other,94.0,97.0,94.0,95.0,1.3836,1.3829,267.67K,40.74,16.7,755.34M,26.3,20.72,27.13,21.93
3,GRANULES.NS,882.05,Health Technology,Pharmaceuticals: Other,90.0,85.0,81.0,89.0,25.0786,24.5322,1530.68K,897.45,432.6,218.57B,772.46,630.47,783.82,664.24
4,BDH.BO,518.0,Health Technology,Pharmaceuticals: Other,86.0,94.0,81.0,78.0,22.1821,22.0143,6.06K,528.4,262.9,2.98B,409.44,408.69,414.34,400.55
5,AUROPHARMA.NS,1587.4,Health Technology,Pharmaceuticals: Other,81.0,75.0,63.0,84.0,39.3857,38.7857,1769.39K,1636.8,1016.1,913.35B,1488.66,1277.29,1508.5,1338.85
1,MIDWEST.BO,4068.65,Non-Energy Minerals,Precious Metals,92.0,50.0,8.0,21.0,241.4214,216.6928,4.45K,5900.0,1036.85,52.78B,4222.54,3955.19,4204.13,4477.43
2,DECNGOLD.NS,205.27,Non-Energy Minerals,Precious Metals,92.0,91.0,,,15.3129,14.9107,3051.97K,235.0,114.8,,164.42,,169.24,
1,DACHEPALLI.BO,80.99,Consumer Services,Publishing: Books/Magazines,65.0,68.0,87.0,,3.1164,2.9021,7.33K,96.77,48.1,1.21B,80.88,,82.0,
2,MPSLTD.NS,2022.8,Consumer Services,Publishing: Books/Magazines,50.0,76.0,65.0,53.0,67.5215,63.5215,38.83K,2975.0,1336.1,34.34B,1801.76,1882.78,1832.31,1744.63
3,SCHAND.NS,148.35,Consumer Services,Publishing: Books/Magazines,21.0,49.0,25.0,45.0,3.8571,3.8571,29.29K,232.67,130.05,5.23B,157.44,162.48,156.51,155.82
1,HMVL.NS,89.89,Consumer Services,Publishing: Newspapers,76.0,66.0,81.0,82.0,3.255,3.255,75.73K,100.0,55.2,6.61B,76.04,72.34,77.22,70.86
2,SANDESH.NS,977.5,Consumer Services,Publishing: Newspapers,37.0,57.0,45.0,36.0,31.6571,31.2679,0.30K,1438.5,811.0,7.40B,1000.64,1046.94,995.81,999.99
3,JAGRAN.NS,63.8,Consumer Services,Publishing: Newspapers,32.0,41.0,22.0,33.0,1.1521,1.145,195.49K,78.9,59.5,13.89B,66.97,67.78,66.76,66.23
4,DBCORP.NS,201.43,Consumer Services,Publishing: Newspapers,18.0,38.0,21.0,13.0,7.13,6.9643,92.44K,287.9,184.51,35.91B,206.48,233.17,205.54,220.36
1,RGIL.BO,261.95,Process Industries,Pulp & Paper,96.0,95.0,97.0,94.0,7.7,6.2607,2.16K,261.95,60.3,3.44B,207.07,154.35,209.94,162.16
2,SUBAM.BO,218.65,Process Industries,Pulp & Paper,90.0,27.0,75.0,69.0,6.4964,6.2964,29.60K,244.0,75.0,6.01B,220.84,187.25,221.55,194.56
3,RIDDHI.BO,713.0,Process Industries,Pulp & Paper,87.0,13.0,88.0,92.0,25.2464,19.0071,3.76K,861.95,405.0,5.08B,731.62,563.59,741.0,577.07
4,SKPMIL.BO,105.0,Process Industries,Pulp & Paper,86.0,2.0,68.0,15.0,3.6,1.5214,0.36K,149.3,29.7,1.42B,121.39,103.92,120.11,112.2
5,STHINPA.BO,103.0,Process Industries,Pulp & Paper,73.0,75.0,53.0,69.0,4.8414,4.8279,8.03K,114.95,65.1,1.93B,96.05,88.88,96.3,92.95
1,GATEWAY.NS,57.93,Transportation,Railroads,42.0,42.0,37.0,48.0,2.1821,2.1536,1372.06K,76.5,48.1,28.94B,58.09,58.88,58.15,57.7
2,CONCOR.NS,457.1,Transportation,Railroads,24.0,47.0,27.0,30.0,10.6643,10.325,2060.90K,629.2,421.45,348.14B,482.42,500.42,481.11,488.07
1,ARIHANT.NS,798.4,Finance,Real Estate Development,98.0,26.0,,,45.5786,45.3072,10.83K,1100.0,39.65,8.67B,853.68,,851.39,
2,AXENTRA.BO,320.2,Finance,Real Estate Development,94.0,19.0,7.0,27.0,0.7,0.4714,0.01K,371.85,71.01,6.31B,337.16,335.12,335.35,351.81
3,TULIVE.BO,1170.0,Finance,Real Estate Development,89.0,31.0,85.0,91.0,5.3607,3.6464,0.04K,1258.5,682.7,2.52B,1130.46,874.14,1146.37,902.45
4,KESAR.BO,1229.4,Finance,Real Estate Development,84.0,43.0,31.0,60.0,30.4464,30.2714,13.80K,1294.4,605.1,37.09B,1242.93,1082.77,1237.51,1198.72
5,SASHWAT.BO,338.35,Finance,Real Estate Development,82.0,60.0,61.0,76.0,0.0,0.0,0.06K,338.35,218.6,103.61M,329.33,288.22,330.3,300.28
1,FUNDVISER.BO,399.0,Finance,Real Estate Investment Trusts,92.0,50.0,18.0,94.0,14.2071,13.2,0.60K,484.4,143.0,3.15B,401.48,295.24,402.15,338.03
2,ANNAINFRA.BO,32.74,Finance,Real Estate Investment Trusts,67.0,55.0,25.0,80.0,2.7386,2.5336,0.91K,39.9,21.9,124.41M,34.04,30.81,34.07,31.4
3,MINDSPACE.BO,487.24,Finance,Real Estate Investment Trusts,62.0,65.0,37.0,57.0,5.9757,5.4607,9.59K,511.57,409.28,322.55B,466.21,469.29,467.41,472.49
4,NXST.BO,164.72,Finance,Real Estate Investment Trusts,60.0,66.0,44.0,59.0,2.6443,2.5571,162.63K,168.95,143.01,249.55B,157.78,159.33,157.89,157.86
5,EMBASSY.BO,443.44,Finance,Real Estate Investment Trusts,58.0,57.0,32.0,58.0,5.75,5.75,19.67K,461.99,375.0,420.33B,431.05,430.48,430.18,432.42
1,KVTOYS.BO,322.75,Consumer Durables,Recreational Products,69.0,89.0,86.0,49.0,14.875,12.1857,35.67K,363.9,180.0,2.03B,265.19,,267.9,270.76
2,STUDDS.NS,460.15,Consumer Durables,Recreational Products,30.0,6.0,32.0,28.0,11.3036,11.0607,48.58K,600.0,427.55,18.11B,468.93,,465.2,490.13
3,COSCO.BO,192.75,Consumer Durables,Recreational Products,25.0,53.0,22.0,30.0,8.8143,8.0821,0.46K,267.95,160.0,802.03M,198.29,213.04,198.77,202.13
1,J&KBANK.NS,168.41,Finance,Regional Banks,89.0,70.0,85.0,93.0,4.9821,4.8543,4774.49K,171.0,97.35,185.45B,148.64,118.94,151.33,125.01
2,TMB.NS,769.2,Finance,Regional Banks,88.0,36.0,71.0,89.0,24.7571,23.6572,310.87K,799.4,411.8,121.80B,731.7,600.85,734.75,653.18
3,KTKBANK.NS,268.0,Finance,Regional Banks,81.0,38.0,60.0,82.0,6.9107,6.9,1713.54K,282.95,169.12,101.35B,265.27,217.71,264.87,230.92
4,ESAFSFB.NS,34.56,Finance,Regional Banks,80.0,93.0,87.0,82.0,1.6257,1.6243,1085.63K,37.2,19.78,17.83B,30.07,27.51,30.97,27.56
5,SURYODAY.NS,177.13,Finance,Regional Banks,79.0,48.0,82.0,80.0,6.3607,6.2614,607.46K,190.78,115.41,18.83B,169.73,145.69,171.81,147.61
1,UFBL.NS,727.0,Consumer Services,Restaurants,97.0,95.0,98.0,98.0,36.5822,35.3,144.94K,735.0,172.34,28.42B,527.85,298.52,558.27,343.12
2,SPECIALITY.NS,124.9,Consumer Services,Restaurants,64.0,85.0,75.0,69.0,8.7457,8.7064,89.77K,154.0,82.7,6.02B,113.18,114.6,114.33,107.21
3,RBA.NS,74.47,Consumer Services,Restaurants,63.0,73.0,67.0,72.0,3.0529,2.9393,7307.63K,87.65,57.15,53.00B,70.72,67.08,71.3,66.07
4,TRAVELFOOD.NS,1315.0,Consumer Services,Restaurants,60.0,78.0,31.0,70.0,36.7214,36.7,23.21K,1445.0,1008.5,173.16B,1246.67,1245.17,1254.1,1212.84
5,COFFEEDAY.NS,32.04,Consumer Services,Restaurants,52.0,12.0,80.0,25.0,1.1907,1.1907,423.80K,51.46,21.0,6.77B,30.96,32.95,31.46,30.13
1,NSDL.BO,834.6,Finance,Savings Banks,18.0,48.0,16.0,16.0,17.8571,17.6107,431.44K,1425.0,788.0,166.92B,847.4,986.09,847.68,914.15
1,GRERENEW.BO,163.95,Electronic Technology,Semiconductors,92.0,71.0,92.0,,5.7786,3.9571,11.87K,177.8,77.5,2.34B,150.77,,150.07,
2,UTLSOLAR.NS,364.5,Electronic Technology,Semiconductors,92.0,86.0,91.0,93.0,15.2679,14.15,486.13K,365.0,172.0,111.87B,306.49,,310.3,248.15
3,EMMVEE.NS,334.45,Electronic Technology,Semiconductors,90.0,41.0,86.0,94.0,14.1214,14.0,3100.47K,369.8,171.51,231.55B,308.9,,315.6,247.49
4,HIGHNESS.BO,188.5,Electronic Technology,Semiconductors,89.0,83.0,91.0,,11.7679,11.1964,65.87K,202.45,107.5,973.34M,163.64,,166.91,
5,STERPOW.BO,36.87,Electronic Technology,Semiconductors,86.0,46.0,95.0,81.0,2.2071,2.1814,8.71K,43.0,16.9,194.03M,33.59,29.49,33.71,28.34
1,ICICIGI.NS,1794.7,Finance,Specialty Insurance,39.0,47.0,34.0,36.0,33.4071,33.2714,639.94K,2064.9,1629.5,896.15B,1793.22,1875.96,1798.65,1833.32
2,GICRE.NS,362.7,Finance,Specialty Insurance,38.0,16.0,17.0,41.0,7.3429,7.2393,792.07K,417.95,346.7,636.32B,378.48,378.65,377.09,377.46
1,ALANSCOTT.BO,332.5,Retail Trade,Specialty Stores,90.0,89.0,86.0,47.0,30.3821,28.1643,3.10K,415.0,100.0,1.90B,289.46,290.53,292.62,286.36
2,HONASA.NS,471.6,Retail Trade,Specialty Stores,89.0,85.0,89.0,91.0,15.8179,15.8179,2903.56K,478.8,248.4,153.75B,401.67,318.81,410.22,335.99
3,CONFIPET.NS,72.32,Retail Trade,Specialty Stores,89.0,24.0,65.0,95.0,4.03,3.9143,3820.75K,80.57,28.06,24.03B,67.0,46.23,67.84,48.62
4,RAL.BO,57.19,Retail Trade,Specialty Stores,69.0,92.0,86.0,62.0,1.62,0.72,2.40K,71.5,31.03,151.89M,49.91,51.68,50.22,46.98
5,PANORAMA.BO,52.16,Retail Trade,Specialty Stores,66.0,63.0,70.0,83.0,3.5021,3.5021,422.94K,60.0,28.96,13.59B,44.82,45.01,45.69,42.81
1,ONMOBILE.NS,67.54,Communications,Specialty Telecommunications,80.0,96.0,91.0,75.0,4.51,4.3843,2361.74K,84.0,40.21,7.18B,55.75,56.72,57.18,53.43
2,TTML.NS,40.49,Communications,Specialty Telecommunications,15.0,16.0,40.0,19.0,1.0207,1.0179,1822.94K,65.55,31.22,79.16B,43.09,46.4,43.39,43.18
3,STML.BO,72.95,Communications,Specialty Telecommunications,13.0,67.0,55.0,10.0,2.2607,0.8393,1.47K,138.8,49.0,705.88M,65.1,82.55,65.77,72.98
4,GTPL.NS,59.23,Communications,Specialty Telecommunications,3.0,16.0,15.0,2.0,2.2243,2.2207,26.51K,127.49,55.01,6.66B,64.56,81.3,64.77,71.22
1,RSTL.BO,196.4,Non-Energy Minerals,Steel,95.0,1.0,41.0,76.0,4.9,0.0,0.15K,276.1,50.03,2.44B,238.56,180.03,237.12,221.25
2,SALSTEEL.NS,57.39,Non-Energy Minerals,Steel,94.0,27.0,82.0,85.0,2.8743,2.8279,90.84K,65.5,14.37,8.31B,58.16,44.89,58.23,49.29
3,STEELCO.BO,144.95,Non-Energy Minerals,Steel,94.0,3.0,73.0,98.0,1.7143,0.0,0.06K,177.8,15.0,912.62M,147.09,83.87,146.86,103.74
4,CRIMSON.BO,45.87,Non-Energy Minerals,Steel,93.0,21.0,10.0,59.0,0.1721,0.0,0.01K,61.35,10.33,203.12M,48.49,45.15,48.04,49.72
5,COCKERILL.NS,9342.5,Non-Energy Minerals,Steel,93.0,20.0,,,340.3214,335.5714,8.11K,10871.5,5015.25,,7648.03,,7950.95,
1,HFCL.NS,214.68,Electronic Technology,Telecommunications Equipment,97.0,89.0,98.0,98.0,10.4993,9.6807,25879.12K,229.5,59.82,328.52B,177.51,99.31,183.0,110.59
2,ASTRAMICRO.NS,1833.1,Electronic Technology,Telecommunications Equipment,93.0,93.0,95.0,94.0,60.7429,60.5714,867.49K,1871.0,851.0,174.04B,1423.73,1098.81,1478.13,1140.67
3,ONIDA.NS,42.66,Electronic Technology,Telecommunications Equipment,93.0,80.0,87.0,90.0,1.8664,1.8421,491.88K,49.23,13.85,15.76B,40.3,31.13,41.16,33.3
4,ADCINDIA.BO,2269.0,Electronic Technology,Telecommunications Equipment,91.0,7.0,95.0,92.0,48.0643,32.0643,1.03K,2678.35,1112.0,10.44B,2293.47,1640.91,2337.0,1694.43
5,ROSSTECH.NS,1010.75,Electronic Technology,Telecommunications Equipment,89.0,26.0,77.0,91.0,51.2464,49.0143,177.83K,1122.0,456.1,38.25B,978.99,778.67,977.76,812.12
1,PARMSILK.BO,428.5,Process Industries,Textiles,98.0,98.0,98.0,98.0,14.3571,1.3571,2.04K,428.5,31.19,1.29B,191.6,110.13,210.9,131.8
2,SPICEISLIN.BO,502.8,Process Industries,Textiles,98.0,79.0,93.0,97.0,29.5071,28.4,15.23K,549.0,42.56,3.13B,425.38,241.83,436.38,310.95
3,SHANTAI.BO,94.15,Process Industries,Textiles,98.0,19.0,89.0,98.0,0.2057,0.0,1.28K,102.01,11.15,706.12M,96.0,44.81,97.47,59.86
4,EASTSILK.NS,50.6,Process Industries,Textiles,98.0,18.0,3.0,3.0,2.8514,2.7207,0.50K,99.25,1.8,253.00M,54.07,65.1,53.26,64.31
5,JAYATMA.BO,47.04,Process Industries,Textiles,97.0,0.0,98.0,98.0,0.7407,0.1507,0.02K,70.18,13.33,141.12M,53.32,24.73,53.72,29.39
1,VSTIND.NS,264.9,Consumer Non-Durables,Tobacco,60.0,52.0,70.0,56.0,4.25,4.25,532.64K,303.3,200.0,44.91B,259.27,248.38,261.07,245.28
2,SINNAR.BO,799.0,Consumer Non-Durables,Tobacco,56.0,59.0,12.0,68.0,45.1214,43.1679,0.02K,1050.9,623.0,319.60M,772.45,813.95,780.1,793.46
3,VIRATCRA.BO,38.24,Consumer Non-Durables,Tobacco,44.0,71.0,52.0,53.0,3.4293,3.4286,3.46K,51.39,27.0,781.00M,36.83,37.49,36.92,35.32
4,NTCIND.BO,147.5,Consumer Non-Durables,Tobacco,24.0,21.0,24.0,34.0,7.2786,7.2786,2.41K,228.0,122.4,2.14B,154.84,167.3,154.16,162.46
5,GODFRYPHLP.NS,2103.0,Consumer Non-Durables,Tobacco,22.0,14.0,45.0,15.0,47.3142,46.7714,235.24K,3947.0,1832.1,328.03B,2264.13,2475.52,2276.03,2214.0
1,TAPARIA.BO,33.64,Consumer Durables,Tools & Hardware,94.0,89.0,80.0,97.0,0.2229,0.0,0.22K,33.64,10.5,510.61M,29.04,19.37,30.05,22.7
2,KOKUYOCMLN.NS,87.58,Consumer Durables,Tools & Hardware,29.0,65.0,50.0,47.0,2.7993,2.7693,25.34K,128.6,71.05,8.78B,88.04,90.5,88.22,85.73
3,KPT.BO,568.3,Consumer Durables,Tools & Hardware,24.0,92.0,61.0,45.0,41.8357,41.0643,11.75K,923.5,335.0,1.93B,486.96,571.11,494.03,529.55
4,JAINEX.BO,112.2,Consumer Durables,Tools & Hardware,13.0,16.0,16.0,38.0,5.2429,4.7679,0.27K,214.35,95.55,251.83M,119.65,137.31,119.97,120.14
5,AAIL.BO,81.14,Consumer Durables,Tools & Hardware,4.0,8.0,26.0,4.0,3.1579,3.0957,2.66K,204.6,74.05,875.34M,93.0,116.62,93.14,96.89
1,RITCO.NS,256.0,Transportation,Trucking,66.0,47.0,81.0,44.0,9.425,9.3857,48.52K,317.1,167.1,7.29B,257.24,246.94,262.15,237.53
2,INTSTOIL.BO,37.31,Transportation,Trucking,63.0,17.0,53.0,62.0,2.5486,2.4114,2.11K,54.25,28.0,186.26M,37.58,34.02,37.92,34.09
3,OBCL.NS,53.84,Transportation,Trucking,45.0,11.0,18.0,44.0,2.1364,2.1129,8.49K,64.84,49.0,1.14B,55.16,55.5,55.08,55.47
4,JITFINFRA.NS,295.55,Transportation,Trucking,35.0,40.0,20.0,63.0,14.5643,13.5714,16.14K,478.0,222.35,7.60B,301.25,309.21,300.59,304.33
5,TCI.NS,926.95,Transportation,Trucking,21.0,22.0,17.0,26.0,20.9107,20.8821,34.93K,1289.0,868.05,71.22B,928.29,1032.77,928.83,984.33
1,SWANDEF.NS,2161.5,Producer Manufacturing,Trucks/Construction/Farm Machinery,97.0,72.0,66.0,90.0,93.6286,90.7,15.81K,2489.0,277.79,113.87B,2026.82,1564.6,2046.01,1872.04
2,LAXMIPATI.BO,547.0,Producer Manufacturing,Trucks/Construction/Farm Machinery,93.0,98.0,97.0,91.0,31.7286,22.9643,7.00K,585.0,209.0,3.15B,334.79,323.33,359.69,312.85
3,KMEW.NS,2268.6,Producer Manufacturing,Trucks/Construction/Farm Machinery,93.0,86.0,81.0,77.0,134.3714,129.75,125.95K,2408.8,797.35,55.45B,2073.39,1680.61,2069.34,1814.57
4,GREAVESCOT.NS,237.23,Producer Manufacturing,Trucks/Construction/Farm Machinery,84.0,92.0,93.0,79.0,10.7557,10.56,3455.16K,244.3,119.99,55.26B,189.59,181.83,194.19,171.37
5,CRAFTSMAN.NS,9282.5,Producer Manufacturing,Trucks/Construction/Farm Machinery,83.0,50.0,81.0,82.0,243.1786,239.1429,54.48K,9938.0,5894.0,242.78B,8908.47,7619.01,9066.25,7975.52
1,SIMANDHAR.BO,124.25,Distribution Services,Wholesale Distributors,97.0,1.0,13.0,98.0,6.35,5.1821,0.31K,180.95,21.5,379.82M,148.46,,146.57,
2,AVAX.BO,50.28,Distribution Services,Wholesale Distributors,96.0,45.0,71.0,93.0,1.9121,1.3057,9.89K,55.4,12.53,417.99M,50.66,35.51,50.3,40.99
3,JAYBARMARU.NS,187.13,Distribution Services,Wholesale Distributors,95.0,96.0,97.0,95.0,8.8307,8.8236,1053.45K,191.0,71.01,20.26B,132.92,103.0,137.9,107.26
4,SICAGEN.NS,52.49,Distribution Services,Wholesale Distributors,95.0,32.0,,,2.0743,2.0364,8.34K,61.5,24.35,2.08B,54.11,,54.04,
5,NANTA.BO,533.5,Distribution Services,Wholesale Distributors,94.0,94.0,93.0,,29.4179,15.0321,4.93K,651.4,234.0,2.74B,453.86,,458.11,
1,BHARTIARTL.NS,1931.1,Communications,Wireless Telecommunications,48.0,70.0,37.0,37.0,34.3357,31.6214,6229.83K,2174.5,1740.5,12047.47B,1854.18,1950.85,1866.4,1914.74
2,BHARTIHEXA.NS,1571.5,Communications,Wireless Telecommunications,38.0,68.0,32.0,30.0,45.4786,43.6428,399.65K,1955.6,1430.0,785.75B,1500.27,1636.16,1505.3,1582.03
